2022-10-11T19:25:15.348+02:00,IdeState,NoProject,,*,-1,-1
2022-10-11T19:25:16.955+02:00,IdeState,Active,Popup,*,0,13
2022-10-11T19:25:17.956+02:00,IdeState,Active,Project,*,0,13
2022-10-11T19:25:18.960+02:00,IdeState,Active,Project,*,0,13
2022-10-11T19:25:20.417+02:00,IdeState,Active,Dialog,*,0,13
2022-10-11T19:25:21.427+02:00,IdeState,Active,Dialog,*,0,13
2022-10-11T19:25:22.430+02:00,IdeState,Active,Editor,*,0,13
2022-10-11T19:25:23.279+02:00,Action,SearchEverywhere,Editor,*,0,13
2022-10-11T19:25:23.473+02:00,IdeState,Active,Popup,*,0,13
2022-10-11T19:25:24.476+02:00,IdeState,Active,Popup,*,0,13
2022-10-11T19:25:25.367+02:00,Action,EditorBackSpace,Popup,*,0,13
2022-10-11T19:25:25.478+02:00,IdeState,Active,Popup,*,0,13
2022-10-11T19:25:26.478+02:00,IdeState,Active,Popup,*,0,13
2022-10-11T19:25:27.494+02:00,IdeState,Active,Popup,*,0,13
2022-10-11T19:25:28.501+02:00,IdeState,Active,Popup,*,0,13
2022-10-11T19:25:29.504+02:00,IdeState,Active,Popup,*,0,13
2022-10-11T19:25:30.508+02:00,IdeState,Active,Popup,*,0,13
2022-10-11T19:25:31.511+02:00,IdeState,Active,Popup,*,0,13
2022-10-11T19:25:32.513+02:00,IdeState,Active,Popup,*,0,13
2022-10-11T19:25:33.519+02:00,IdeState,Active,Popup,*,0,13
2022-10-11T19:25:34.524+02:00,IdeState,Inactive,,*,-1,-1
2022-10-11T19:25:35.529+02:00,IdeState,Inactive,,*,-1,-1
2022-10-11T19:25:36.530+02:00,IdeState,Inactive,,*,-1,-1
2022-10-11T19:25:37.536+02:00,IdeState,Inactive,,*,-1,-1
2022-10-11T19:25:38.538+02:00,IdeState,Inactive,,*,-1,-1
2022-10-11T19:25:39.540+02:00,IdeState,Inactive,,*,-1,-1
2022-10-11T19:25:40.545+02:00,IdeState,Inactive,,*,-1,-1
2022-10-11T19:25:41.548+02:00,IdeState,Inactive,,*,-1,-1
2022-10-11T19:25:42.550+02:00,IdeState,Inactive,,*,-1,-1
2022-10-11T19:25:43.551+02:00,IdeState,Inactive,,*,-1,-1
2022-10-11T19:25:44.555+02:00,IdeState,Inactive,,*,-1,-1
2022-10-11T19:25:45.560+02:00,IdeState,Inactive,,*,-1,-1
2022-10-11T19:25:46.563+02:00,IdeState,Inactive,,*,-1,-1
2022-10-11T19:25:47.568+02:00,IdeState,Inactive,,*,-1,-1
2022-10-11T19:25:48.572+02:00,IdeState,Inactive,,*,-1,-1
2022-10-11T19:25:49.576+02:00,IdeState,Inactive,,*,-1,-1
2022-10-11T19:25:50.577+02:00,IdeState,Inactive,,*,-1,-1
2022-10-11T19:25:51.578+02:00,IdeState,Inactive,,*,-1,-1
2022-10-11T19:25:52.582+02:00,IdeState,Inactive,,*,-1,-1
2022-10-11T19:25:53.587+02:00,IdeState,Inactive,,*,-1,-1
2022-10-11T19:25:54.590+02:00,IdeState,Inactive,,*,-1,-1
2022-10-11T19:25:55.596+02:00,IdeState,Inactive,,*,-1,-1
2022-10-11T19:25:56.601+02:00,IdeState,Inactive,,*,-1,-1
2022-10-11T19:25:57.606+02:00,IdeState,Inactive,,*,-1,-1
2022-10-11T19:25:58.611+02:00,IdeState,Inactive,,*,-1,-1
2022-10-11T19:25:59.615+02:00,IdeState,Inactive,,*,-1,-1
2022-10-11T19:26:00.619+02:00,IdeState,Inactive,,*,-1,-1
2022-10-11T19:26:01.622+02:00,IdeState,Inactive,,*,-1,-1
2022-10-11T19:26:02.625+02:00,IdeState,Inactive,,*,-1,-1
2022-10-11T19:26:03.626+02:00,IdeState,Inactive,,*,-1,-1
2022-10-11T19:26:04.629+02:00,IdeState,Inactive,,*,-1,-1
2022-10-11T19:26:05.629+02:00,IdeState,Active,Editor,*,0,13
2022-10-11T19:26:06.098+02:00,Action,SearchEverywhere,Editor,*,0,13
2022-10-11T19:26:06.630+02:00,IdeState,Active,Popup,*,0,13
2022-10-11T19:26:07.369+02:00,Action,ToggleZenMode,Editor,*,0,13
2022-10-11T19:26:07.632+02:00,IdeState,Active,Editor,*,0,13
2022-10-11T19:26:08.298+02:00,Action,SearchEverywhere,Editor,*,0,13
2022-10-11T19:26:08.635+02:00,IdeState,Active,Popup,*,0,13
2022-10-11T19:26:09.637+02:00,IdeState,Active,Popup,*,0,13
2022-10-11T19:26:09.717+02:00,Action,ToggleZenMode,Editor,*,0,13
2022-10-11T19:26:10.640+02:00,IdeState,Active,Editor,*,0,13
2022-10-11T19:26:11.644+02:00,IdeState,Active,Editor,*,0,13
2022-10-11T19:26:12.649+02:00,IdeState,Inactive,,*,-1,-1
2022-10-11T19:26:13.655+02:00,IdeState,Inactive,,*,-1,-1
2022-10-11T19:26:14.658+02:00,IdeState,Inactive,,*,-1,-1
2022-10-11T19:26:15.662+02:00,IdeState,Inactive,,*,-1,-1
2022-10-11T19:26:16.665+02:00,IdeState,Inactive,,*,-1,-1
2022-10-11T19:26:17.666+02:00,IdeState,Active,Editor,*,0,13
2022-10-11T19:26:18.671+02:00,IdeState,Active,Editor,*,0,13
2022-10-11T19:26:19.674+02:00,IdeState,Active,TaskTracker,*,0,13
2022-10-11T19:26:20.679+02:00,IdeState,Active,TaskTracker,*,0,13
2022-10-11T19:26:21.685+02:00,IdeState,Active,TaskTracker,*,0,13
2022-10-11T19:26:22.686+02:00,IdeState,Active,TaskTracker,*,0,13
2022-10-11T19:26:23.689+02:00,IdeState,Active,TaskTracker,*,0,13
2022-10-11T19:26:24.695+02:00,IdeState,Active,TaskTracker,*,0,13
2022-10-11T19:26:25.696+02:00,IdeState,Active,TaskTracker,*,0,13
2022-10-11T19:26:26.701+02:00,IdeState,Active,TaskTracker,*,0,13
2022-10-11T19:26:27.705+02:00,IdeState,Active,TaskTracker,*,0,13
2022-10-11T19:26:28.709+02:00,IdeState,Active,TaskTracker,*,0,13
2022-10-11T19:26:29.710+02:00,IdeState,Active,TaskTracker,*,0,13
2022-10-11T19:26:30.715+02:00,IdeState,Active,TaskTracker,*,0,13
2022-10-11T19:26:31.717+02:00,IdeState,Active,TaskTracker,*,0,13
2022-10-11T19:26:32.719+02:00,IdeState,Active,TaskTracker,*,0,13
2022-10-11T19:26:33.722+02:00,IdeState,Active,TaskTracker,*,0,13
2022-10-11T19:26:34.726+02:00,IdeState,Active,TaskTracker,*,0,13
2022-10-11T19:26:35.727+02:00,IdeState,Active,TaskTracker,*,0,13
2022-10-11T19:26:36.732+02:00,IdeState,Active,TaskTracker,*,0,13
2022-10-11T19:26:37.734+02:00,IdeState,Active,TaskTracker,*,0,13
2022-10-11T19:26:38.735+02:00,IdeState,Active,TaskTracker,*,0,13
2022-10-11T19:26:39.740+02:00,IdeState,Active,TaskTracker,*,0,13
2022-10-11T19:26:40.743+02:00,IdeState,Active,TaskTracker,*,0,13
2022-10-11T19:26:41.747+02:00,IdeState,Active,TaskTracker,*,0,13
2022-10-11T19:26:42.751+02:00,IdeState,Active,TaskTracker,*,0,13
2022-10-11T19:26:43.754+02:00,IdeState,Active,TaskTracker,*,0,13
2022-10-11T19:26:44.757+02:00,IdeState,Active,TaskTracker,*,0,13
2022-10-11T19:26:45.759+02:00,IdeState,Active,TaskTracker,*,0,13
2022-10-11T19:26:46.760+02:00,IdeState,Active,TaskTracker,*,0,13
2022-10-11T19:26:47.760+02:00,IdeState,Active,TaskTracker,*,0,13
2022-10-11T19:26:48.763+02:00,IdeState,Active,TaskTracker,*,0,13
2022-10-11T19:26:49.766+02:00,IdeState,Active,TaskTracker,*,0,13
2022-10-11T19:26:50.767+02:00,IdeState,Active,TaskTracker,*,0,13
2022-10-11T19:26:51.772+02:00,IdeState,Active,TaskTracker,*,0,13
2022-10-11T19:26:53.150+02:00,IdeState,Active,Editor,5.ipynb,0,0
2022-10-11T19:26:54.152+02:00,IdeState,Active,Editor,5.ipynb,1,0
2022-10-11T19:26:55.157+02:00,IdeState,Active,Editor,5.ipynb,1,0
2022-10-11T19:26:56.162+02:00,IdeState,Active,Editor,5.ipynb,1,0
2022-10-11T19:26:56.643+02:00,Action,org.jetbrains.research.ml.tasktracker.services.NextButtonAction,Editor,5.ipynb,1,0
2022-10-11T19:26:57.163+02:00,IdeState,Active,Editor,5.ipynb,1,0
2022-10-11T19:26:58.166+02:00,IdeState,Active,Editor,5.ipynb,1,0
2022-10-11T19:26:59.169+02:00,IdeState,Active,Editor,5.ipynb,1,0
2022-10-11T19:27:00.173+02:00,IdeState,Active,Editor,5.ipynb,1,0
2022-10-11T19:27:01.176+02:00,IdeState,Active,Editor,5.ipynb,1,0
2022-10-11T19:27:02.181+02:00,IdeState,Active,Editor,5.ipynb,1,0
2022-10-11T19:27:03.186+02:00,IdeState,Active,Editor,5.ipynb,1,0
2022-10-11T19:27:04.191+02:00,IdeState,Active,Editor,5.ipynb,1,0
2022-10-11T19:27:04.590+02:00,Action,org.jetbrains.research.ml.tasktracker.services.NextButtonAction,Editor,5.ipynb,1,0
2022-10-11T19:27:05.193+02:00,IdeState,Active,Editor,5.ipynb,1,0
2022-10-11T19:27:06.198+02:00,IdeState,Active,Editor,5.ipynb,1,0
2022-10-11T19:27:07.198+02:00,IdeState,Active,Editor,5.ipynb,1,0
2022-10-11T19:27:08.201+02:00,IdeState,Active,Editor,5.ipynb,1,0
2022-10-11T19:27:09.206+02:00,IdeState,Active,Editor,5.ipynb,1,0
2022-10-11T19:27:09.562+02:00,Action,SearchEverywhere,Editor,5.ipynb,1,0
2022-10-11T19:27:10.207+02:00,IdeState,Active,Popup,5.ipynb,1,0
2022-10-11T19:27:10.514+02:00,Action,ToggleZenMode,Editor,5.ipynb,1,0
2022-10-11T19:27:11.213+02:00,IdeState,Active,Editor,5.ipynb,1,0
2022-10-11T19:27:12.217+02:00,IdeState,Active,Editor,5.ipynb,1,0
2022-10-11T19:27:13.220+02:00,IdeState,Active,Editor,5.ipynb,1,0
2022-10-11T19:27:14.225+02:00,IdeState,Active,Editor,5.ipynb,1,0
2022-10-11T19:27:15.230+02:00,IdeState,Active,Editor,5.ipynb,1,0
2022-10-11T19:27:16.235+02:00,IdeState,Active,Editor,5.ipynb,1,0
2022-10-11T19:27:17.240+02:00,IdeState,Active,Editor,5.ipynb,1,0
2022-10-11T19:27:18.241+02:00,IdeState,Active,Editor,5.ipynb,1,0
2022-10-11T19:27:19.246+02:00,IdeState,Active,Editor,5.ipynb,1,0
2022-10-11T19:27:20.251+02:00,IdeState,Active,Editor,5.ipynb,1,0
2022-10-11T19:27:21.254+02:00,IdeState,Active,Editor,5.ipynb,1,0
2022-10-11T19:27:22.259+02:00,IdeState,Active,Editor,5.ipynb,1,0
2022-10-11T19:27:23.261+02:00,IdeState,Active,Editor,5.ipynb,1,0
2022-10-11T19:27:24.265+02:00,IdeState,Active,Editor,5.ipynb,1,0
2022-10-11T19:27:25.270+02:00,IdeState,Active,Editor,5.ipynb,1,0
2022-10-11T19:27:26.275+02:00,IdeState,Active,Editor,5.ipynb,1,0
2022-10-11T19:27:27.276+02:00,IdeState,Active,Editor,5.ipynb,1,0
2022-10-11T19:27:28.281+02:00,IdeState,Active,Editor,5.ipynb,1,0
2022-10-11T19:27:29.283+02:00,IdeState,Active,Editor,5.ipynb,7,20
2022-10-11T19:27:30.137+02:00,Action,EditorDelete,Editor,5.ipynb,7,21
2022-10-11T19:27:30.288+02:00,Action,EditorRight,Editor,5.ipynb,7,20
2022-10-11T19:27:30.291+02:00,IdeState,Active,Editor,5.ipynb,7,21
2022-10-11T19:27:30.429+02:00,Action,EditorRight,Editor,5.ipynb,7,21
2022-10-11T19:27:30.561+02:00,Action,EditorRight,Editor,5.ipynb,7,22
2022-10-11T19:27:31.296+02:00,IdeState,Active,Editor,5.ipynb,7,23
2022-10-11T19:27:31.931+02:00,Action,EditorRight,Editor,5.ipynb,7,23
2022-10-11T19:27:32.097+02:00,Action,EditorRight,Editor,5.ipynb,7,24
2022-10-11T19:27:32.301+02:00,IdeState,Active,Editor,5.ipynb,7,25
2022-10-11T19:27:33.304+02:00,IdeState,Active,Editor,5.ipynb,7,25
2022-10-11T19:27:34.309+02:00,IdeState,Active,Editor,5.ipynb,7,25
2022-10-11T19:27:35.314+02:00,IdeState,Active,Editor,5.ipynb,7,25
2022-10-11T19:27:36.319+02:00,IdeState,Active,Editor,5.ipynb,7,25
2022-10-11T19:27:37.324+02:00,IdeState,Active,Editor,5.ipynb,15,15
2022-10-11T19:27:38.012+02:00,Action,EditorLeft,Editor,5.ipynb,15,15
2022-10-11T19:27:38.111+02:00,Action,EditorBackSpace,Editor,5.ipynb,15,14
2022-10-11T19:27:38.325+02:00,IdeState,Active,Editor,5.ipynb,15,14
2022-10-11T19:27:39.326+02:00,IdeState,Active,Editor,5.ipynb,12,11
2022-10-11T19:27:40.326+02:00,IdeState,Active,Editor,5.ipynb,15,29
2022-10-11T19:27:41.332+02:00,IdeState,Active,Editor,5.ipynb,15,29
2022-10-11T19:27:42.335+02:00,IdeState,Active,Editor,5.ipynb,15,29
2022-10-11T19:27:43.339+02:00,IdeState,Active,Editor,5.ipynb,15,29
2022-10-11T19:27:44.344+02:00,IdeState,Active,Editor,5.ipynb,15,29
2022-10-11T19:27:45.348+02:00,IdeState,Active,Editor,5.ipynb,15,29
2022-10-11T19:27:46.349+02:00,IdeState,Active,Editor,5.ipynb,15,29
2022-10-11T19:27:47.353+02:00,IdeState,Active,Editor,5.ipynb,15,29
2022-10-11T19:27:48.358+02:00,IdeState,Active,Editor,5.ipynb,15,29
2022-10-11T19:27:49.363+02:00,IdeState,Active,Editor,5.ipynb,15,29
2022-10-11T19:27:50.367+02:00,IdeState,Active,Editor,5.ipynb,15,29
2022-10-11T19:27:51.371+02:00,IdeState,Active,Editor,5.ipynb,15,29
2022-10-11T19:27:52.374+02:00,IdeState,Active,Editor,5.ipynb,15,29
2022-10-11T19:27:53.375+02:00,IdeState,Active,Editor,5.ipynb,15,29
2022-10-11T19:27:54.377+02:00,IdeState,Active,Editor,5.ipynb,20,19
2022-10-11T19:27:55.382+02:00,IdeState,Active,Editor,5.ipynb,20,20
2022-10-11T19:27:55.490+02:00,Action,EditorDown,Editor,5.ipynb,20,20
2022-10-11T19:27:55.730+02:00,Action,EditorDown,Editor,5.ipynb,21,20
2022-10-11T19:27:56.387+02:00,IdeState,Active,Editor,5.ipynb,22,20
2022-10-11T19:27:57.391+02:00,IdeState,Active,Editor,5.ipynb,22,20
2022-10-11T19:27:57.606+02:00,Action,EditorDown,Editor,5.ipynb,22,20
2022-10-11T19:27:57.805+02:00,Action,EditorDown,Editor,5.ipynb,23,20
2022-10-11T19:27:58.394+02:00,IdeState,Active,Editor,5.ipynb,24,20
2022-10-11T19:27:58.581+02:00,Action,EditorDown,Editor,5.ipynb,24,20
2022-10-11T19:27:58.769+02:00,Action,EditorDown,Editor,5.ipynb,25,0
2022-10-11T19:27:59.397+02:00,IdeState,Active,Editor,5.ipynb,26,20
2022-10-11T19:28:00.400+02:00,IdeState,Active,Editor,5.ipynb,26,20
2022-10-11T19:28:01.404+02:00,IdeState,Active,Editor,5.ipynb,26,20
2022-10-11T19:28:02.409+02:00,IdeState,Active,Editor,5.ipynb,26,20
2022-10-11T19:28:02.519+02:00,Action,EditorDown,Editor,5.ipynb,26,20
2022-10-11T19:28:02.943+02:00,Action,EditorLineStart,Editor,5.ipynb,27,20
2022-10-11T19:28:03.129+02:00,Action,EditorRight,Editor,5.ipynb,27,8
2022-10-11T19:28:03.285+02:00,Action,EditorRight,Editor,5.ipynb,27,9
2022-10-11T19:28:03.412+02:00,IdeState,Active,Editor,5.ipynb,27,10
2022-10-11T19:28:03.425+02:00,Action,EditorRight,Editor,5.ipynb,27,10
2022-10-11T19:28:04.415+02:00,IdeState,Active,Editor,5.ipynb,27,11
2022-10-11T19:28:05.419+02:00,IdeState,Active,Editor,5.ipynb,27,11
2022-10-11T19:28:06.425+02:00,IdeState,Active,Editor,5.ipynb,27,11
2022-10-11T19:28:07.426+02:00,IdeState,Active,Editor,5.ipynb,27,11
2022-10-11T19:28:08.124+02:00,Action,EditorDown,Editor,5.ipynb,27,11
2022-10-11T19:28:08.324+02:00,Action,EditorDown,Editor,5.ipynb,28,11
2022-10-11T19:28:08.427+02:00,IdeState,Active,Editor,5.ipynb,29,0
2022-10-11T19:28:09.429+02:00,IdeState,Active,Editor,5.ipynb,29,0
2022-10-11T19:28:10.065+02:00,Action,EditorDown,Editor,5.ipynb,29,0
2022-10-11T19:28:10.328+02:00,Action,EditorDown,Editor,5.ipynb,30,11
2022-10-11T19:28:10.431+02:00,IdeState,Active,Editor,5.ipynb,31,11
2022-10-11T19:28:11.436+02:00,IdeState,Active,Editor,5.ipynb,31,11
2022-10-11T19:28:12.438+02:00,IdeState,Active,Editor,5.ipynb,31,11
2022-10-11T19:28:13.443+02:00,IdeState,Active,Editor,5.ipynb,31,11
2022-10-11T19:28:14.447+02:00,IdeState,Active,Editor,5.ipynb,31,11
2022-10-11T19:28:15.453+02:00,IdeState,Active,Editor,5.ipynb,31,11
2022-10-11T19:28:16.014+02:00,Action,EditorDown,Editor,5.ipynb,31,11
2022-10-11T19:28:16.224+02:00,Action,EditorDown,Editor,5.ipynb,32,11
2022-10-11T19:28:16.385+02:00,Action,EditorDown,Editor,5.ipynb,33,0
2022-10-11T19:28:16.455+02:00,IdeState,Active,Editor,5.ipynb,34,11
2022-10-11T19:28:16.539+02:00,Action,EditorDown,Editor,5.ipynb,34,11
2022-10-11T19:28:17.461+02:00,IdeState,Active,Editor,5.ipynb,35,11
2022-10-11T19:28:18.255+02:00,Action,EditorRight,Editor,5.ipynb,35,11
2022-10-11T19:28:18.466+02:00,IdeState,Active,Editor,5.ipynb,35,12
2022-10-11T19:28:19.467+02:00,IdeState,Active,Editor,5.ipynb,35,12
2022-10-11T19:28:20.468+02:00,IdeState,Active,Editor,5.ipynb,35,12
2022-10-11T19:28:20.969+02:00,Action,EditorUnindentSelection,Editor,5.ipynb,35,12
2022-10-11T19:28:21.471+02:00,IdeState,Active,Editor,5.ipynb,35,8
2022-10-11T19:28:22.124+02:00,Action,EditorDown,Editor,5.ipynb,35,8
2022-10-11T19:28:22.474+02:00,IdeState,Active,Editor,5.ipynb,36,8
2022-10-11T19:28:23.022+02:00,Action,EditorDown,Editor,5.ipynb,36,8
2022-10-11T19:28:23.187+02:00,Action,EditorDown,Editor,5.ipynb,37,8
2022-10-11T19:28:23.478+02:00,IdeState,Active,Editor,5.ipynb,38,8
2022-10-11T19:28:24.483+02:00,IdeState,Active,Editor,5.ipynb,38,8
2022-10-11T19:28:25.487+02:00,IdeState,Active,Editor,5.ipynb,38,8
2022-10-11T19:28:26.456+02:00,Action,EditorDown,Editor,5.ipynb,38,8
2022-10-11T19:28:26.491+02:00,IdeState,Active,Editor,5.ipynb,39,0
2022-10-11T19:28:26.827+02:00,Action,EditorDown,Editor,5.ipynb,39,0
2022-10-11T19:28:27.024+02:00,Action,EditorDown,Editor,5.ipynb,40,0
2022-10-11T19:28:27.492+02:00,IdeState,Active,Editor,5.ipynb,41,8
2022-10-11T19:28:28.493+02:00,IdeState,Active,Editor,5.ipynb,41,8
2022-10-11T19:28:28.926+02:00,Action,EditorDown,Editor,5.ipynb,41,8
2022-10-11T19:28:29.158+02:00,Action,EditorDown,Editor,5.ipynb,42,8
2022-10-11T19:28:29.495+02:00,IdeState,Active,Editor,5.ipynb,43,0
2022-10-11T19:28:29.710+02:00,Action,EditorDown,Editor,5.ipynb,43,0
2022-10-11T19:28:29.971+02:00,Action,EditorDown,Editor,5.ipynb,44,8
2022-10-11T19:28:30.165+02:00,Action,EditorDown,Editor,5.ipynb,45,8
2022-10-11T19:28:30.322+02:00,Action,EditorDown,Editor,5.ipynb,46,8
2022-10-11T19:28:30.477+02:00,Action,EditorDown,Editor,5.ipynb,47,8
2022-10-11T19:28:30.499+02:00,IdeState,Active,Editor,5.ipynb,48,8
2022-10-11T19:28:30.601+02:00,Action,EditorDown,Editor,5.ipynb,48,8
2022-10-11T19:28:31.103+02:00,Action,EditorDown,Editor,5.ipynb,49,8
2022-10-11T19:28:31.187+02:00,Action,EditorDown,Editor,5.ipynb,50,8
2022-10-11T19:28:31.270+02:00,Action,EditorDown,Editor,5.ipynb,51,8
2022-10-11T19:28:31.353+02:00,Action,EditorDown,Editor,5.ipynb,52,8
2022-10-11T19:28:31.434+02:00,Action,EditorDown,Editor,5.ipynb,53,8
2022-10-11T19:28:31.502+02:00,IdeState,Active,Editor,5.ipynb,54,8
2022-10-11T19:28:31.520+02:00,Action,EditorDown,Editor,5.ipynb,54,8
2022-10-11T19:28:31.603+02:00,Action,EditorDown,Editor,5.ipynb,55,8
2022-10-11T19:28:31.687+02:00,Action,EditorDown,Editor,5.ipynb,56,8
2022-10-11T19:28:31.768+02:00,Action,EditorDown,Editor,5.ipynb,57,8
2022-10-11T19:28:31.853+02:00,Action,EditorDown,Editor,5.ipynb,58,8
2022-10-11T19:28:31.934+02:00,Action,EditorDown,Editor,5.ipynb,59,8
2022-10-11T19:28:32.020+02:00,Action,EditorDown,Editor,5.ipynb,60,0
2022-10-11T19:28:32.103+02:00,Action,EditorDown,Editor,5.ipynb,61,8
2022-10-11T19:28:32.187+02:00,Action,EditorDown,Editor,5.ipynb,62,8
2022-10-11T19:28:32.269+02:00,Action,EditorDown,Editor,5.ipynb,63,0
2022-10-11T19:28:32.351+02:00,Action,EditorDown,Editor,5.ipynb,64,8
2022-10-11T19:28:32.434+02:00,Action,EditorDown,Editor,5.ipynb,65,8
2022-10-11T19:28:32.503+02:00,IdeState,Active,Editor,5.ipynb,66,8
2022-10-11T19:28:32.764+02:00,Action,EditorUp,Editor,5.ipynb,66,8
2022-10-11T19:28:33.267+02:00,Action,EditorUp,Editor,5.ipynb,65,8
2022-10-11T19:28:33.352+02:00,Action,EditorUp,Editor,5.ipynb,64,8
2022-10-11T19:28:33.437+02:00,Action,EditorUp,Editor,5.ipynb,63,0
2022-10-11T19:28:33.505+02:00,IdeState,Active,Editor,5.ipynb,62,8
2022-10-11T19:28:33.518+02:00,Action,EditorUp,Editor,5.ipynb,62,8
2022-10-11T19:28:33.601+02:00,Action,EditorUp,Editor,5.ipynb,61,8
2022-10-11T19:28:33.687+02:00,Action,EditorUp,Editor,5.ipynb,60,0
2022-10-11T19:28:33.771+02:00,Action,EditorUp,Editor,5.ipynb,59,8
2022-10-11T19:28:33.853+02:00,Action,EditorUp,Editor,5.ipynb,58,8
2022-10-11T19:28:33.937+02:00,Action,EditorUp,Editor,5.ipynb,57,8
2022-10-11T19:28:34.022+02:00,Action,EditorUp,Editor,5.ipynb,56,8
2022-10-11T19:28:34.102+02:00,Action,EditorUp,Editor,5.ipynb,55,8
2022-10-11T19:28:34.187+02:00,Action,EditorUp,Editor,5.ipynb,54,8
2022-10-11T19:28:34.270+02:00,Action,EditorUp,Editor,5.ipynb,53,8
2022-10-11T19:28:34.355+02:00,Action,EditorUp,Editor,5.ipynb,52,8
2022-10-11T19:28:34.434+02:00,Action,EditorUp,Editor,5.ipynb,51,8
2022-10-11T19:28:34.510+02:00,IdeState,Active,Editor,5.ipynb,50,8
2022-10-11T19:28:34.518+02:00,Action,EditorUp,Editor,5.ipynb,50,8
2022-10-11T19:28:34.601+02:00,Action,EditorUp,Editor,5.ipynb,49,8
2022-10-11T19:28:34.685+02:00,Action,EditorUp,Editor,5.ipynb,48,8
2022-10-11T19:28:34.767+02:00,Action,EditorUp,Editor,5.ipynb,47,8
2022-10-11T19:28:34.917+02:00,Action,EditorRight,Editor,5.ipynb,46,8
2022-10-11T19:28:35.142+02:00,Action,EditorRight,Editor,5.ipynb,46,9
2022-10-11T19:28:35.302+02:00,Action,EditorUp,Editor,5.ipynb,46,10
2022-10-11T19:28:35.468+02:00,Action,EditorRight,Editor,5.ipynb,45,10
2022-10-11T19:28:35.511+02:00,IdeState,Active,Editor,5.ipynb,45,11
2022-10-11T19:28:36.513+02:00,IdeState,Active,Editor,5.ipynb,45,12
2022-10-11T19:28:37.480+02:00,Action,EditorDown,Editor,5.ipynb,45,12
2022-10-11T19:28:37.518+02:00,IdeState,Active,Editor,5.ipynb,46,12
2022-10-11T19:28:37.746+02:00,Action,EditorLeft,Editor,5.ipynb,46,12
2022-10-11T19:28:38.162+02:00,Action,SaveAll,Editor,5.ipynb,46,11
2022-10-11T19:28:38.522+02:00,IdeState,Active,Editor,5.ipynb,46,11
2022-10-11T19:28:38.696+02:00,Action,EditorDown,Editor,5.ipynb,46,11
2022-10-11T19:28:39.320+02:00,Action,EditorLeft,Editor,5.ipynb,47,11
2022-10-11T19:28:39.475+02:00,Action,EditorLeft,Editor,5.ipynb,47,10
2022-10-11T19:28:39.524+02:00,IdeState,Active,Editor,5.ipynb,47,9
2022-10-11T19:28:39.751+02:00,Action,EditorDown,Editor,5.ipynb,47,9
2022-10-11T19:28:40.079+02:00,Action,EditorLeft,Editor,5.ipynb,48,9
2022-10-11T19:28:40.525+02:00,Action,EditorUp,Editor,5.ipynb,48,8
2022-10-11T19:28:40.532+02:00,IdeState,Active,Editor,5.ipynb,47,8
2022-10-11T19:28:41.475+02:00,Action,EditorDown,Editor,5.ipynb,47,8
2022-10-11T19:28:41.532+02:00,IdeState,Active,Editor,5.ipynb,48,8
2022-10-11T19:28:41.708+02:00,Action,EditorDown,Editor,5.ipynb,48,8
2022-10-11T19:28:42.534+02:00,IdeState,Active,Editor,5.ipynb,49,8
2022-10-11T19:28:43.539+02:00,IdeState,Active,Editor,5.ipynb,49,8
2022-10-11T19:28:44.543+02:00,IdeState,Active,Editor,5.ipynb,49,8
2022-10-11T19:28:45.548+02:00,IdeState,Active,Editor,5.ipynb,49,8
2022-10-11T19:28:46.551+02:00,IdeState,Active,Editor,5.ipynb,49,32
2022-10-11T19:28:47.555+02:00,IdeState,Active,Editor,5.ipynb,49,33
2022-10-11T19:28:48.560+02:00,IdeState,Active,Editor,5.ipynb,49,33
2022-10-11T19:28:49.564+02:00,IdeState,Active,Editor,5.ipynb,49,33
2022-10-11T19:28:50.567+02:00,IdeState,Active,Editor,5.ipynb,49,33
2022-10-11T19:28:51.571+02:00,IdeState,Active,Editor,5.ipynb,49,33
2022-10-11T19:28:52.573+02:00,IdeState,Active,Editor,5.ipynb,51,32
2022-10-11T19:28:52.983+02:00,Action,EditorUnindentSelection,Editor,5.ipynb,51,32
2022-10-11T19:28:53.574+02:00,IdeState,Active,Editor,5.ipynb,51,28
2022-10-11T19:28:54.575+02:00,IdeState,Active,Editor,5.ipynb,51,28
2022-10-11T19:28:55.579+02:00,IdeState,Active,Editor,5.ipynb,51,28
2022-10-11T19:28:56.584+02:00,IdeState,Active,Editor,5.ipynb,51,28
2022-10-11T19:28:57.587+02:00,IdeState,Active,Editor,5.ipynb,51,28
2022-10-11T19:28:58.591+02:00,IdeState,Active,Editor,5.ipynb,51,28
2022-10-11T19:28:59.591+02:00,IdeState,Active,Editor,5.ipynb,51,28
2022-10-11T19:29:00.596+02:00,IdeState,Active,Editor,5.ipynb,51,28
2022-10-11T19:29:01.599+02:00,IdeState,Active,Editor,5.ipynb,51,28
2022-10-11T19:29:02.604+02:00,IdeState,Active,Editor,5.ipynb,51,28
2022-10-11T19:29:03.609+02:00,IdeState,Active,Editor,5.ipynb,56,26
2022-10-11T19:29:03.773+02:00,Action,EditorLeft,Editor,5.ipynb,56,26
2022-10-11T19:29:04.614+02:00,IdeState,Active,Editor,5.ipynb,56,25
2022-10-11T19:29:04.645+02:00,Action,EditorBackSpace,Editor,5.ipynb,56,25
2022-10-11T19:29:05.617+02:00,IdeState,Active,Editor,5.ipynb,56,25
2022-10-11T19:29:06.622+02:00,IdeState,Active,Editor,5.ipynb,54,26
2022-10-11T19:29:07.623+02:00,IdeState,Active,Editor,5.ipynb,55,37
2022-10-11T19:29:08.628+02:00,IdeState,Active,Editor,5.ipynb,55,37
2022-10-11T19:29:09.629+02:00,IdeState,Active,Editor,5.ipynb,55,37
2022-10-11T19:29:10.632+02:00,IdeState,Active,Editor,5.ipynb,55,37
2022-10-11T19:29:11.633+02:00,IdeState,Active,Editor,5.ipynb,55,37
2022-10-11T19:29:12.635+02:00,IdeState,Active,Editor,5.ipynb,55,37
2022-10-11T19:29:13.638+02:00,IdeState,Active,Editor,5.ipynb,55,37
2022-10-11T19:29:14.641+02:00,IdeState,Active,Editor,5.ipynb,55,37
2022-10-11T19:29:15.646+02:00,IdeState,Active,Editor,5.ipynb,55,37
2022-10-11T19:29:16.649+02:00,IdeState,Active,Editor,5.ipynb,55,37
2022-10-11T19:29:17.652+02:00,IdeState,Active,Editor,5.ipynb,55,37
2022-10-11T19:29:18.652+02:00,IdeState,Active,Editor,5.ipynb,55,37
2022-10-11T19:29:19.654+02:00,IdeState,Active,Editor,5.ipynb,55,37
2022-10-11T19:29:20.658+02:00,IdeState,Active,Editor,5.ipynb,55,37
2022-10-11T19:29:21.659+02:00,IdeState,Active,Editor,5.ipynb,55,37
2022-10-11T19:29:22.660+02:00,IdeState,Active,Editor,5.ipynb,55,37
2022-10-11T19:29:23.661+02:00,IdeState,Active,Editor,5.ipynb,55,37
2022-10-11T19:29:24.664+02:00,IdeState,Active,Editor,5.ipynb,55,37
2022-10-11T19:29:25.666+02:00,IdeState,Active,Editor,5.ipynb,55,37
2022-10-11T19:29:26.672+02:00,IdeState,Active,Editor,5.ipynb,55,37
2022-10-11T19:29:27.676+02:00,IdeState,Active,Editor,5.ipynb,55,37
2022-10-11T19:29:28.681+02:00,IdeState,Active,Editor,5.ipynb,55,37
2022-10-11T19:29:29.683+02:00,IdeState,Active,Editor,5.ipynb,67,28
2022-10-11T19:29:30.686+02:00,IdeState,Active,Editor,5.ipynb,65,39
2022-10-11T19:29:31.689+02:00,IdeState,Active,Editor,5.ipynb,66,55
2022-10-11T19:29:32.692+02:00,IdeState,Active,Editor,5.ipynb,66,55
2022-10-11T19:29:33.694+02:00,IdeState,Active,Editor,5.ipynb,66,55
2022-10-11T19:29:34.695+02:00,IdeState,Active,Editor,5.ipynb,66,55
2022-10-11T19:29:35.700+02:00,IdeState,Active,Editor,5.ipynb,66,55
2022-10-11T19:29:36.701+02:00,IdeState,Active,Editor,5.ipynb,66,55
2022-10-11T19:29:37.703+02:00,IdeState,Active,Editor,5.ipynb,66,55
2022-10-11T19:29:38.704+02:00,IdeState,Active,Editor,5.ipynb,66,55
2022-10-11T19:29:39.709+02:00,IdeState,Active,Editor,5.ipynb,66,55
2022-10-11T19:29:40.710+02:00,IdeState,Active,Editor,5.ipynb,66,55
2022-10-11T19:29:41.712+02:00,IdeState,Active,Editor,5.ipynb,66,55
2022-10-11T19:29:42.718+02:00,IdeState,Active,Editor,5.ipynb,66,55
2022-10-11T19:29:43.721+02:00,IdeState,Active,Editor,5.ipynb,70,17
2022-10-11T19:29:44.266+02:00,Action,EditorBackSpace,Editor,5.ipynb,70,17
2022-10-11T19:29:44.723+02:00,IdeState,Active,Editor,5.ipynb,70,16
2022-10-11T19:29:45.725+02:00,IdeState,Active,Editor,5.ipynb,70,16
2022-10-11T19:29:45.921+02:00,Action,$Undo,Editor,5.ipynb,70,16
2022-10-11T19:29:46.729+02:00,IdeState,Active,Editor,5.ipynb,70,17
2022-10-11T19:29:47.734+02:00,IdeState,Active,Editor,5.ipynb,67,63
2022-10-11T19:29:48.735+02:00,IdeState,Active,Editor,5.ipynb,68,60
2022-10-11T19:29:49.738+02:00,IdeState,Active,Editor,5.ipynb,68,60
2022-10-11T19:29:50.743+02:00,IdeState,Active,Editor,5.ipynb,68,60
2022-10-11T19:29:51.750+02:00,IdeState,Active,Editor,5.ipynb,68,60
2022-10-11T19:29:52.753+02:00,IdeState,Active,Editor,5.ipynb,68,60
2022-10-11T19:29:53.755+02:00,IdeState,Active,Editor,5.ipynb,68,60
2022-10-11T19:29:54.760+02:00,IdeState,Active,Editor,5.ipynb,68,60
2022-10-11T19:29:55.765+02:00,IdeState,Active,Editor,5.ipynb,68,60
2022-10-11T19:29:56.766+02:00,IdeState,Active,Editor,5.ipynb,68,60
2022-10-11T19:29:57.771+02:00,IdeState,Active,Editor,5.ipynb,68,60
2022-10-11T19:29:58.776+02:00,IdeState,Active,Editor,5.ipynb,68,60
2022-10-11T19:29:59.777+02:00,IdeState,Active,Editor,5.ipynb,68,60
2022-10-11T19:30:00.664+02:00,Action,EditorLineStart,Editor,5.ipynb,77,19
2022-10-11T19:30:00.760+02:00,Action,EditorTab,Editor,5.ipynb,77,8
2022-10-11T19:30:00.780+02:00,IdeState,Active,Editor,5.ipynb,77,12
2022-10-11T19:30:01.783+02:00,IdeState,Active,Editor,5.ipynb,77,12
2022-10-11T19:30:01.923+02:00,Action,SaveAll,Editor,5.ipynb,77,12
2022-10-11T19:30:02.784+02:00,IdeState,Active,Editor,5.ipynb,77,12
2022-10-11T19:30:03.784+02:00,IdeState,Active,Editor,5.ipynb,77,12
2022-10-11T19:30:04.789+02:00,IdeState,Active,Editor,5.ipynb,77,12
2022-10-11T19:30:05.793+02:00,IdeState,Active,Editor,5.ipynb,77,12
2022-10-11T19:30:06.796+02:00,IdeState,Active,Editor,5.ipynb,77,12
2022-10-11T19:30:07.800+02:00,IdeState,Active,Editor,5.ipynb,77,12
2022-10-11T19:30:08.805+02:00,IdeState,Active,Editor,5.ipynb,77,12
2022-10-11T19:30:09.810+02:00,IdeState,Active,Editor,5.ipynb,77,12
2022-10-11T19:30:10.811+02:00,IdeState,Active,Editor,5.ipynb,77,12
2022-10-11T19:30:11.816+02:00,IdeState,Active,Editor,5.ipynb,77,12
2022-10-11T19:30:12.818+02:00,IdeState,Active,Editor,5.ipynb,77,12
2022-10-11T19:30:13.835+02:00,IdeState,Active,Editor,5.ipynb,85,25
2022-10-11T19:30:14.837+02:00,IdeState,Active,Editor,5.ipynb,85,25
2022-10-11T19:30:15.842+02:00,IdeState,Active,Editor,5.ipynb,85,25
2022-10-11T19:30:16.842+02:00,IdeState,Active,Editor,5.ipynb,85,25
2022-10-11T19:30:17.846+02:00,IdeState,Active,Editor,5.ipynb,85,25
2022-10-11T19:30:18.851+02:00,IdeState,Active,Editor,5.ipynb,85,25
2022-10-11T19:30:19.855+02:00,IdeState,Active,Editor,5.ipynb,85,25
2022-10-11T19:30:20.855+02:00,Action,EditorBackSpace,Editor,5.ipynb,83,23
2022-10-11T19:30:20.864+02:00,IdeState,Active,Editor,5.ipynb,83,22
2022-10-11T19:30:21.868+02:00,IdeState,Active,Editor,5.ipynb,83,22
2022-10-11T19:30:22.868+02:00,IdeState,Active,Editor,5.ipynb,83,22
2022-10-11T19:30:23.873+02:00,IdeState,Active,Editor,5.ipynb,83,22
2022-10-11T19:30:24.874+02:00,IdeState,Active,Editor,5.ipynb,83,22
2022-10-11T19:30:25.877+02:00,IdeState,Active,Editor,5.ipynb,83,57
2022-10-11T19:30:26.879+02:00,IdeState,Active,Editor,5.ipynb,84,25
2022-10-11T19:30:27.885+02:00,IdeState,Active,Editor,5.ipynb,84,25
2022-10-11T19:30:28.890+02:00,IdeState,Active,Editor,5.ipynb,84,25
2022-10-11T19:30:29.893+02:00,IdeState,Active,Editor,5.ipynb,88,20
2022-10-11T19:30:30.895+02:00,IdeState,Active,Editor,5.ipynb,88,22
2022-10-11T19:30:31.898+02:00,IdeState,Active,Editor,5.ipynb,87,26
2022-10-11T19:30:32.899+02:00,IdeState,Active,Editor,5.ipynb,87,26
2022-10-11T19:30:33.903+02:00,IdeState,Active,Editor,5.ipynb,87,26
2022-10-11T19:30:34.904+02:00,IdeState,Active,Editor,5.ipynb,87,26
2022-10-11T19:30:35.906+02:00,IdeState,Active,Editor,5.ipynb,87,26
2022-10-11T19:30:36.911+02:00,IdeState,Active,Editor,5.ipynb,87,26
2022-10-11T19:30:37.917+02:00,IdeState,Active,Editor,5.ipynb,87,26
2022-10-11T19:30:38.919+02:00,IdeState,Active,Editor,5.ipynb,92,30
2022-10-11T19:30:39.923+02:00,IdeState,Active,Editor,5.ipynb,92,30
2022-10-11T19:30:40.928+02:00,IdeState,Active,Editor,5.ipynb,92,30
2022-10-11T19:30:41.930+02:00,IdeState,Active,Editor,5.ipynb,92,30
2022-10-11T19:30:42.261+02:00,Action,EditorLeft,Editor,5.ipynb,92,30
2022-10-11T19:30:42.351+02:00,Action,EditorBackSpace,Editor,5.ipynb,92,29
2022-10-11T19:30:42.932+02:00,IdeState,Active,Editor,5.ipynb,92,28
2022-10-11T19:30:43.935+02:00,IdeState,Active,Editor,5.ipynb,92,28
2022-10-11T19:30:44.938+02:00,IdeState,Active,Editor,5.ipynb,92,28
2022-10-11T19:30:45.943+02:00,IdeState,Active,Editor,5.ipynb,92,28
2022-10-11T19:30:46.943+02:00,IdeState,Active,Editor,5.ipynb,92,28
2022-10-11T19:30:47.946+02:00,IdeState,Active,Editor,5.ipynb,92,28
2022-10-11T19:30:48.951+02:00,IdeState,Active,Editor,5.ipynb,92,28
2022-10-11T19:30:49.954+02:00,IdeState,Active,Editor,5.ipynb,92,28
2022-10-11T19:30:50.956+02:00,IdeState,Active,Editor,5.ipynb,92,28
2022-10-11T19:30:51.960+02:00,IdeState,Active,Editor,5.ipynb,92,28
2022-10-11T19:30:52.965+02:00,IdeState,Active,Editor,5.ipynb,92,28
2022-10-11T19:30:53.967+02:00,IdeState,Active,Editor,5.ipynb,92,28
2022-10-11T19:30:54.971+02:00,IdeState,Active,Editor,5.ipynb,92,28
2022-10-11T19:30:55.976+02:00,IdeState,Active,Editor,5.ipynb,92,28
2022-10-11T19:30:56.981+02:00,IdeState,Active,Editor,5.ipynb,92,28
2022-10-11T19:30:57.982+02:00,IdeState,Active,Editor,5.ipynb,92,28
2022-10-11T19:30:58.986+02:00,IdeState,Active,Editor,5.ipynb,92,28
2022-10-11T19:30:59.988+02:00,IdeState,Active,Editor,5.ipynb,92,28
2022-10-11T19:31:00.990+02:00,IdeState,Active,Editor,5.ipynb,92,28
2022-10-11T19:31:01.991+02:00,IdeState,Active,Editor,5.ipynb,92,28
2022-10-11T19:31:02.994+02:00,IdeState,Active,Editor,5.ipynb,92,28
2022-10-11T19:31:03.996+02:00,IdeState,Active,Editor,5.ipynb,92,28
2022-10-11T19:31:04.996+02:00,IdeState,Active,Editor,5.ipynb,92,28
2022-10-11T19:31:05.997+02:00,IdeState,Active,Editor,5.ipynb,92,28
2022-10-11T19:31:07.002+02:00,IdeState,Active,Editor,5.ipynb,92,28
2022-10-11T19:31:08.006+02:00,IdeState,Active,Editor,5.ipynb,92,28
2022-10-11T19:31:09.007+02:00,IdeState,Active,Editor,5.ipynb,98,30
2022-10-11T19:31:10.007+02:00,IdeState,Active,Editor,5.ipynb,98,31
2022-10-11T19:31:11.012+02:00,IdeState,Active,Editor,5.ipynb,98,40
2022-10-11T19:31:12.017+02:00,IdeState,Active,Editor,5.ipynb,98,40
2022-10-11T19:31:13.020+02:00,IdeState,Active,Editor,5.ipynb,98,40
2022-10-11T19:31:14.024+02:00,IdeState,Active,Editor,5.ipynb,98,40
2022-10-11T19:31:15.028+02:00,IdeState,Active,Editor,5.ipynb,98,40
2022-10-11T19:31:16.031+02:00,IdeState,Active,Editor,5.ipynb,98,40
2022-10-11T19:31:17.035+02:00,IdeState,Active,Editor,5.ipynb,98,40
2022-10-11T19:31:18.038+02:00,IdeState,Active,Editor,5.ipynb,98,40
2022-10-11T19:31:19.039+02:00,IdeState,Active,Editor,5.ipynb,98,40
2022-10-11T19:31:20.041+02:00,IdeState,Active,Editor,5.ipynb,98,40
2022-10-11T19:31:21.041+02:00,IdeState,Active,Editor,5.ipynb,98,40
2022-10-11T19:31:22.042+02:00,IdeState,Active,Editor,5.ipynb,102,17
2022-10-11T19:31:23.047+02:00,IdeState,Active,Editor,5.ipynb,102,18
2022-10-11T19:31:24.052+02:00,IdeState,Active,Editor,5.ipynb,102,18
2022-10-11T19:31:25.053+02:00,IdeState,Active,Editor,5.ipynb,102,18
2022-10-11T19:31:26.059+02:00,IdeState,Active,Editor,5.ipynb,102,18
2022-10-11T19:31:27.062+02:00,IdeState,Active,Editor,5.ipynb,102,18
2022-10-11T19:31:28.067+02:00,IdeState,Active,Editor,5.ipynb,102,18
2022-10-11T19:31:29.071+02:00,IdeState,Active,Editor,5.ipynb,102,18
2022-10-11T19:31:30.073+02:00,IdeState,Active,Editor,5.ipynb,102,18
2022-10-11T19:31:31.076+02:00,IdeState,Active,Editor,5.ipynb,102,18
2022-10-11T19:31:32.081+02:00,IdeState,Active,Editor,5.ipynb,102,18
2022-10-11T19:31:33.084+02:00,IdeState,Active,Editor,5.ipynb,102,18
2022-10-11T19:31:34.088+02:00,IdeState,Active,Editor,5.ipynb,102,18
2022-10-11T19:31:35.089+02:00,IdeState,Active,Editor,5.ipynb,102,18
2022-10-11T19:31:36.090+02:00,IdeState,Active,Editor,5.ipynb,102,18
2022-10-11T19:31:37.095+02:00,IdeState,Active,Editor,5.ipynb,102,18
2022-10-11T19:31:38.097+02:00,IdeState,Active,Editor,5.ipynb,102,18
2022-10-11T19:31:39.099+02:00,IdeState,Active,Editor,5.ipynb,102,18
2022-10-11T19:31:40.102+02:00,IdeState,Active,Editor,5.ipynb,102,18
2022-10-11T19:31:41.103+02:00,IdeState,Active,Editor,5.ipynb,102,18
2022-10-11T19:31:42.104+02:00,IdeState,Active,Editor,5.ipynb,102,18
2022-10-11T19:31:43.109+02:00,IdeState,Active,Editor,5.ipynb,102,18
2022-10-11T19:31:44.110+02:00,IdeState,Active,Editor,5.ipynb,102,18
2022-10-11T19:31:45.115+02:00,IdeState,Active,Editor,5.ipynb,102,18
2022-10-11T19:31:46.118+02:00,IdeState,Active,Editor,5.ipynb,102,18
2022-10-11T19:31:47.121+02:00,IdeState,Active,Editor,5.ipynb,102,18
2022-10-11T19:31:47.910+02:00,Action,EditorIndentSelection,Editor,5.ipynb,113,12
2022-10-11T19:31:48.121+02:00,IdeState,Active,Editor,5.ipynb,113,16
2022-10-11T19:31:49.123+02:00,IdeState,Active,Editor,5.ipynb,111,48
2022-10-11T19:31:50.127+02:00,IdeState,Active,Editor,5.ipynb,111,48
2022-10-11T19:31:51.129+02:00,IdeState,Active,Editor,5.ipynb,111,48
2022-10-11T19:31:52.134+02:00,IdeState,Active,Editor,5.ipynb,111,48
2022-10-11T19:31:53.138+02:00,IdeState,Active,Editor,5.ipynb,111,48
2022-10-11T19:31:53.375+02:00,Action,EditorTab,Editor,5.ipynb,116,16
2022-10-11T19:31:54.142+02:00,IdeState,Active,Editor,5.ipynb,116,20
2022-10-11T19:31:55.146+02:00,IdeState,Active,Editor,5.ipynb,116,20
2022-10-11T19:31:56.150+02:00,IdeState,Active,Editor,5.ipynb,116,20
2022-10-11T19:31:57.153+02:00,IdeState,Active,Editor,5.ipynb,116,20
2022-10-11T19:31:58.156+02:00,IdeState,Active,Editor,5.ipynb,116,20
2022-10-11T19:31:59.158+02:00,IdeState,Active,Editor,5.ipynb,116,20
2022-10-11T19:32:00.162+02:00,IdeState,Active,Editor,5.ipynb,116,20
2022-10-11T19:32:00.859+02:00,Action,EditorUnindentSelection,Editor,5.ipynb,116,20
2022-10-11T19:32:01.162+02:00,IdeState,Active,Editor,5.ipynb,116,16
2022-10-11T19:32:02.168+02:00,IdeState,Active,Editor,5.ipynb,125,18
2022-10-11T19:32:03.170+02:00,IdeState,Active,Editor,5.ipynb,126,18
2022-10-11T19:32:03.285+02:00,Action,EditorIndentSelection,Editor,5.ipynb,126,18
2022-10-11T19:32:04.173+02:00,IdeState,Active,Editor,5.ipynb,121,78
2022-10-11T19:32:05.176+02:00,IdeState,Active,Editor,5.ipynb,121,78
2022-10-11T19:32:06.180+02:00,IdeState,Active,Editor,5.ipynb,121,78
2022-10-11T19:32:07.185+02:00,IdeState,Active,Editor,5.ipynb,121,78
2022-10-11T19:32:08.185+02:00,IdeState,Active,Editor,5.ipynb,121,78
2022-10-11T19:32:09.186+02:00,IdeState,Active,Editor,5.ipynb,121,78
2022-10-11T19:32:10.189+02:00,IdeState,Active,Editor,5.ipynb,121,78
2022-10-11T19:32:11.193+02:00,IdeState,Active,Editor,5.ipynb,121,78
2022-10-11T19:32:12.198+02:00,IdeState,Active,Editor,5.ipynb,121,78
2022-10-11T19:32:13.204+02:00,IdeState,Active,Editor,5.ipynb,121,78
2022-10-11T19:32:14.208+02:00,IdeState,Active,Editor,5.ipynb,119,47
2022-10-11T19:32:14.395+02:00,Action,EditorBackSpace,Editor,5.ipynb,119,47
2022-10-11T19:32:15.208+02:00,IdeState,Active,Editor,5.ipynb,119,47
2022-10-11T19:32:16.213+02:00,IdeState,Active,Editor,5.ipynb,119,47
2022-10-11T19:32:17.216+02:00,IdeState,Active,Editor,5.ipynb,119,47
2022-10-11T19:32:18.217+02:00,IdeState,Active,Editor,5.ipynb,119,47
2022-10-11T19:32:19.221+02:00,IdeState,Active,Editor,5.ipynb,119,47
2022-10-11T19:32:20.226+02:00,IdeState,Active,Editor,5.ipynb,119,47
2022-10-11T19:32:21.231+02:00,IdeState,Active,Editor,5.ipynb,119,47
2022-10-11T19:32:22.235+02:00,IdeState,Active,Editor,5.ipynb,119,47
2022-10-11T19:32:23.236+02:00,IdeState,Active,Editor,5.ipynb,119,47
2022-10-11T19:32:24.239+02:00,IdeState,Active,Editor,5.ipynb,119,47
2022-10-11T19:32:25.243+02:00,IdeState,Active,Editor,5.ipynb,119,47
2022-10-11T19:32:26.246+02:00,IdeState,Active,Editor,5.ipynb,119,47
2022-10-11T19:32:27.251+02:00,IdeState,Active,Editor,5.ipynb,119,47
2022-10-11T19:32:28.256+02:00,IdeState,Active,Editor,5.ipynb,110,12
2022-10-11T19:32:29.261+02:00,IdeState,Active,Editor,5.ipynb,129,12
2022-10-11T19:32:30.265+02:00,IdeState,Active,Editor,5.ipynb,129,12
2022-10-11T19:32:31.265+02:00,IdeState,Active,Editor,5.ipynb,129,12
2022-10-11T19:32:32.270+02:00,IdeState,Active,Editor,5.ipynb,129,12
2022-10-11T19:32:33.274+02:00,IdeState,Active,Editor,5.ipynb,129,12
2022-10-11T19:32:34.276+02:00,IdeState,Active,Editor,5.ipynb,129,12
2022-10-11T19:32:35.277+02:00,IdeState,Active,Editor,5.ipynb,129,12
2022-10-11T19:32:36.279+02:00,IdeState,Active,Editor,5.ipynb,129,12
2022-10-11T19:32:37.284+02:00,IdeState,Active,Editor,5.ipynb,129,12
2022-10-11T19:32:38.289+02:00,IdeState,Active,Editor,5.ipynb,129,12
2022-10-11T19:32:39.292+02:00,IdeState,Active,Editor,5.ipynb,132,83
2022-10-11T19:32:40.298+02:00,IdeState,Active,Editor,5.ipynb,132,83
2022-10-11T19:32:41.301+02:00,IdeState,Active,Editor,5.ipynb,132,83
2022-10-11T19:32:42.303+02:00,IdeState,Active,Editor,5.ipynb,132,83
2022-10-11T19:32:43.307+02:00,IdeState,Active,Editor,5.ipynb,132,83
2022-10-11T19:32:44.308+02:00,IdeState,Active,Editor,5.ipynb,132,83
2022-10-11T19:32:45.312+02:00,IdeState,Active,Editor,5.ipynb,132,83
2022-10-11T19:32:46.312+02:00,IdeState,Active,Editor,5.ipynb,132,83
2022-10-11T19:32:47.321+02:00,IdeState,Active,Editor,5.ipynb,132,83
2022-10-11T19:32:48.321+02:00,IdeState,Active,Editor,5.ipynb,132,83
2022-10-11T19:32:49.325+02:00,IdeState,Active,Editor,5.ipynb,132,83
2022-10-11T19:32:50.328+02:00,IdeState,Active,Editor,5.ipynb,132,83
2022-10-11T19:32:51.332+02:00,IdeState,Active,Editor,5.ipynb,138,27
2022-10-11T19:32:51.522+02:00,Action,EditorLeft,Editor,5.ipynb,138,27
2022-10-11T19:32:51.580+02:00,Action,EditorBackSpace,Editor,5.ipynb,138,26
2022-10-11T19:32:52.333+02:00,IdeState,Active,Editor,5.ipynb,138,25
2022-10-11T19:32:53.338+02:00,IdeState,Active,Editor,5.ipynb,138,25
2022-10-11T19:32:54.342+02:00,IdeState,Active,Editor,5.ipynb,138,25
2022-10-11T19:32:55.342+02:00,IdeState,Active,Editor,5.ipynb,138,25
2022-10-11T19:32:56.343+02:00,IdeState,Active,Editor,5.ipynb,138,25
2022-10-11T19:32:57.346+02:00,IdeState,Active,Editor,5.ipynb,138,25
2022-10-11T19:32:58.348+02:00,IdeState,Active,Editor,5.ipynb,138,25
2022-10-11T19:32:59.351+02:00,IdeState,Active,Editor,5.ipynb,138,25
2022-10-11T19:33:00.352+02:00,IdeState,Active,Editor,5.ipynb,138,25
2022-10-11T19:33:01.353+02:00,IdeState,Active,Editor,5.ipynb,138,25
2022-10-11T19:33:02.358+02:00,IdeState,Active,Editor,5.ipynb,138,25
2022-10-11T19:33:03.360+02:00,IdeState,Active,Editor,5.ipynb,138,25
2022-10-11T19:33:04.363+02:00,IdeState,Active,Editor,5.ipynb,138,25
2022-10-11T19:33:05.368+02:00,IdeState,Active,Editor,5.ipynb,138,25
2022-10-11T19:33:06.372+02:00,IdeState,Active,Editor,5.ipynb,138,25
2022-10-11T19:33:07.374+02:00,IdeState,Active,Editor,5.ipynb,138,25
2022-10-11T19:33:08.375+02:00,IdeState,Active,Editor,5.ipynb,138,25
2022-10-11T19:33:09.380+02:00,IdeState,Active,Editor,5.ipynb,138,25
2022-10-11T19:33:10.384+02:00,IdeState,Active,Editor,5.ipynb,138,25
2022-10-11T19:33:11.385+02:00,IdeState,Active,Editor,5.ipynb,138,25
2022-10-11T19:33:12.388+02:00,IdeState,Active,Editor,5.ipynb,138,25
2022-10-11T19:33:13.388+02:00,IdeState,Active,Editor,5.ipynb,138,25
2022-10-11T19:33:14.391+02:00,IdeState,Active,Editor,5.ipynb,138,25
2022-10-11T19:33:15.397+02:00,IdeState,Active,Editor,5.ipynb,138,25
2022-10-11T19:33:16.400+02:00,IdeState,Active,Editor,5.ipynb,138,25
2022-10-11T19:33:17.404+02:00,IdeState,Active,Editor,5.ipynb,138,25
2022-10-11T19:33:18.406+02:00,IdeState,Active,Editor,5.ipynb,138,25
2022-10-11T19:33:19.411+02:00,IdeState,Active,Editor,5.ipynb,138,25
2022-10-11T19:33:20.413+02:00,IdeState,Active,Editor,5.ipynb,138,25
2022-10-11T19:33:21.417+02:00,IdeState,Active,Editor,5.ipynb,138,25
2022-10-11T19:33:22.418+02:00,IdeState,Active,Editor,5.ipynb,149,26
2022-10-11T19:33:22.881+02:00,Action,EditorBackSpace,Editor,5.ipynb,149,26
2022-10-11T19:33:23.421+02:00,IdeState,Active,Editor,5.ipynb,149,25
2022-10-11T19:33:24.425+02:00,IdeState,Active,Editor,5.ipynb,149,25
2022-10-11T19:33:25.430+02:00,IdeState,Active,Editor,5.ipynb,150,16
2022-10-11T19:33:26.434+02:00,IdeState,Active,Editor,5.ipynb,150,16
2022-10-11T19:33:27.438+02:00,IdeState,Active,Editor,5.ipynb,150,16
2022-10-11T19:33:28.441+02:00,IdeState,Active,Editor,5.ipynb,150,16
2022-10-11T19:33:29.446+02:00,IdeState,Active,Editor,5.ipynb,150,16
2022-10-11T19:33:30.451+02:00,IdeState,Active,Editor,5.ipynb,150,16
2022-10-11T19:33:31.456+02:00,IdeState,Active,Editor,5.ipynb,150,16
2022-10-11T19:33:32.457+02:00,IdeState,Active,Editor,5.ipynb,150,16
2022-10-11T19:33:33.459+02:00,IdeState,Active,Editor,5.ipynb,150,16
2022-10-11T19:33:34.462+02:00,IdeState,Active,Editor,5.ipynb,150,16
2022-10-11T19:33:35.467+02:00,IdeState,Active,Editor,5.ipynb,150,16
2022-10-11T19:33:36.467+02:00,IdeState,Active,Editor,5.ipynb,150,16
2022-10-11T19:33:37.472+02:00,IdeState,Active,Editor,5.ipynb,150,16
2022-10-11T19:33:38.478+02:00,IdeState,Active,Editor,5.ipynb,150,16
2022-10-11T19:33:39.480+02:00,IdeState,Active,Editor,5.ipynb,150,16
2022-10-11T19:33:40.484+02:00,IdeState,Active,Editor,5.ipynb,150,16
2022-10-11T19:33:41.484+02:00,IdeState,Active,Editor,5.ipynb,150,16
2022-10-11T19:33:42.489+02:00,IdeState,Active,Editor,5.ipynb,150,16
2022-10-11T19:33:43.492+02:00,IdeState,Active,Editor,5.ipynb,150,16
2022-10-11T19:33:44.497+02:00,IdeState,Active,Editor,5.ipynb,150,16
2022-10-11T19:33:45.241+02:00,Action,EditorTab,Editor,5.ipynb,156,16
2022-10-11T19:33:45.502+02:00,IdeState,Active,Editor,5.ipynb,156,20
2022-10-11T19:33:46.325+02:00,Action,EditorBackSpace,Editor,5.ipynb,156,20
2022-10-11T19:33:46.503+02:00,IdeState,Active,Editor,5.ipynb,156,16
2022-10-11T19:33:47.508+02:00,IdeState,Active,Editor,5.ipynb,156,18
2022-10-11T19:33:48.510+02:00,IdeState,Active,Editor,5.ipynb,156,18
2022-10-11T19:33:49.499+02:00,Action,SaveAll,Editor,5.ipynb,156,18
2022-10-11T19:33:49.575+02:00,IdeState,Active,Editor,5.ipynb,156,18
2022-10-11T19:33:50.577+02:00,IdeState,Active,Editor,5.ipynb,157,68
2022-10-11T19:33:51.580+02:00,IdeState,Active,Editor,5.ipynb,157,68
2022-10-11T19:33:52.585+02:00,IdeState,Active,Editor,5.ipynb,157,68
2022-10-11T19:33:53.587+02:00,IdeState,Active,Editor,5.ipynb,157,68
2022-10-11T19:33:54.588+02:00,IdeState,Active,Editor,5.ipynb,157,68
2022-10-11T19:33:55.593+02:00,IdeState,Active,Editor,5.ipynb,157,68
2022-10-11T19:33:56.594+02:00,IdeState,Active,Editor,5.ipynb,157,68
2022-10-11T19:33:57.595+02:00,IdeState,Active,Editor,5.ipynb,157,68
2022-10-11T19:33:58.596+02:00,IdeState,Active,Editor,5.ipynb,157,68
2022-10-11T19:33:59.597+02:00,IdeState,Active,Editor,5.ipynb,157,68
2022-10-11T19:34:00.602+02:00,IdeState,Active,Editor,5.ipynb,157,68
2022-10-11T19:34:01.606+02:00,IdeState,Active,Editor,5.ipynb,157,68
2022-10-11T19:34:02.608+02:00,IdeState,Active,Editor,5.ipynb,157,68
2022-10-11T19:34:03.613+02:00,IdeState,Active,Editor,5.ipynb,157,68
2022-10-11T19:34:04.615+02:00,IdeState,Active,Editor,5.ipynb,157,68
2022-10-11T19:34:05.615+02:00,IdeState,Active,Editor,5.ipynb,157,68
2022-10-11T19:34:06.620+02:00,IdeState,Active,Editor,5.ipynb,157,68
2022-10-11T19:34:07.622+02:00,IdeState,Active,Editor,5.ipynb,157,68
2022-10-11T19:34:08.626+02:00,IdeState,Active,Editor,5.ipynb,157,68
2022-10-11T19:34:09.628+02:00,IdeState,Active,Editor,5.ipynb,157,68
2022-10-11T19:34:10.631+02:00,IdeState,Active,Editor,5.ipynb,157,68
2022-10-11T19:34:11.636+02:00,IdeState,Active,Editor,5.ipynb,157,68
2022-10-11T19:34:12.638+02:00,IdeState,Active,Editor,5.ipynb,157,68
2022-10-11T19:34:13.643+02:00,IdeState,Active,Editor,5.ipynb,157,68
2022-10-11T19:34:14.648+02:00,IdeState,Active,Editor,5.ipynb,157,68
2022-10-11T19:34:15.651+02:00,IdeState,Active,Editor,5.ipynb,157,68
2022-10-11T19:34:16.656+02:00,IdeState,Active,Editor,5.ipynb,157,68
2022-10-11T19:34:17.657+02:00,IdeState,Active,Editor,5.ipynb,157,68
2022-10-11T19:34:18.662+02:00,IdeState,Active,Editor,5.ipynb,157,68
2022-10-11T19:34:19.666+02:00,IdeState,Active,Editor,5.ipynb,157,68
2022-10-11T19:34:20.670+02:00,IdeState,Active,Editor,5.ipynb,157,68
2022-10-11T19:34:21.674+02:00,IdeState,Active,Editor,5.ipynb,162,29
2022-10-11T19:34:22.675+02:00,IdeState,Active,Editor,5.ipynb,162,29
2022-10-11T19:34:23.676+02:00,IdeState,Active,Editor,5.ipynb,162,29
2022-10-11T19:34:24.681+02:00,IdeState,Active,Editor,5.ipynb,162,29
2022-10-11T19:34:25.683+02:00,IdeState,Active,Editor,5.ipynb,162,29
2022-10-11T19:34:26.686+02:00,IdeState,Active,Editor,5.ipynb,162,29
2022-10-11T19:34:27.687+02:00,IdeState,Active,Editor,5.ipynb,162,29
2022-10-11T19:34:28.598+02:00,Action,EditorRight,Editor,5.ipynb,162,29
2022-10-11T19:34:28.688+02:00,IdeState,Active,Editor,5.ipynb,162,30
2022-10-11T19:34:29.688+02:00,IdeState,Active,Editor,5.ipynb,162,30
2022-10-11T19:34:30.693+02:00,IdeState,Active,Editor,5.ipynb,162,30
2022-10-11T19:34:31.697+02:00,IdeState,Active,Editor,5.ipynb,162,30
2022-10-11T19:34:32.700+02:00,IdeState,Active,Editor,5.ipynb,162,30
2022-10-11T19:34:33.702+02:00,IdeState,Active,Editor,5.ipynb,162,30
2022-10-11T19:34:34.702+02:00,IdeState,Active,Editor,5.ipynb,162,30
2022-10-11T19:34:35.703+02:00,IdeState,Active,Editor,5.ipynb,162,30
2022-10-11T19:34:36.706+02:00,IdeState,Active,Editor,5.ipynb,162,30
2022-10-11T19:34:37.711+02:00,IdeState,Active,Editor,5.ipynb,162,30
2022-10-11T19:34:38.716+02:00,IdeState,Active,Editor,5.ipynb,162,30
2022-10-11T19:34:39.719+02:00,IdeState,Active,Editor,5.ipynb,162,30
2022-10-11T19:34:40.152+02:00,Action,EditorEnter,Editor,5.ipynb,162,30
2022-10-11T19:34:40.724+02:00,IdeState,Active,Editor,5.ipynb,163,16
2022-10-11T19:34:41.727+02:00,IdeState,Active,Editor,5.ipynb,163,16
2022-10-11T19:34:42.729+02:00,IdeState,Active,Editor,5.ipynb,163,16
2022-10-11T19:34:43.735+02:00,IdeState,Active,Editor,5.ipynb,163,16
2022-10-11T19:34:44.735+02:00,IdeState,Active,Editor,5.ipynb,163,16
2022-10-11T19:34:45.740+02:00,IdeState,Active,Editor,5.ipynb,163,16
2022-10-11T19:34:46.745+02:00,IdeState,Active,Editor,5.ipynb,163,16
2022-10-11T19:34:47.749+02:00,IdeState,Active,Editor,5.ipynb,163,16
2022-10-11T19:34:48.754+02:00,IdeState,Active,Editor,5.ipynb,163,16
2022-10-11T19:34:49.066+02:00,Action,$Undo,Editor,5.ipynb,163,16
2022-10-11T19:34:49.755+02:00,IdeState,Active,Editor,5.ipynb,162,31
2022-10-11T19:34:50.760+02:00,IdeState,Active,Editor,5.ipynb,162,31
2022-10-11T19:34:51.760+02:00,IdeState,Active,Editor,5.ipynb,162,31
2022-10-11T19:34:52.765+02:00,IdeState,Active,Editor,5.ipynb,162,81
2022-10-11T19:34:53.766+02:00,IdeState,Active,Editor,5.ipynb,162,81
2022-10-11T19:34:54.770+02:00,IdeState,Active,Editor,5.ipynb,162,81
2022-10-11T19:34:55.775+02:00,IdeState,Active,Editor,5.ipynb,163,48
2022-10-11T19:34:56.777+02:00,IdeState,Active,Editor,5.ipynb,163,48
2022-10-11T19:34:57.780+02:00,IdeState,Active,Editor,5.ipynb,163,48
2022-10-11T19:34:58.783+02:00,IdeState,Active,Editor,5.ipynb,163,48
2022-10-11T19:34:59.788+02:00,IdeState,Active,Editor,5.ipynb,163,48
2022-10-11T19:35:00.793+02:00,IdeState,Active,Editor,5.ipynb,163,48
2022-10-11T19:35:01.795+02:00,IdeState,Active,Editor,5.ipynb,163,48
2022-10-11T19:35:02.797+02:00,IdeState,Active,Editor,5.ipynb,163,48
2022-10-11T19:35:03.798+02:00,IdeState,Active,Editor,5.ipynb,163,48
2022-10-11T19:35:04.798+02:00,IdeState,Active,Editor,5.ipynb,163,48
2022-10-11T19:35:05.803+02:00,IdeState,Active,Editor,5.ipynb,163,48
2022-10-11T19:35:06.806+02:00,IdeState,Active,Editor,5.ipynb,163,48
2022-10-11T19:35:07.809+02:00,IdeState,Active,Editor,5.ipynb,163,48
2022-10-11T19:35:08.809+02:00,IdeState,Active,Editor,5.ipynb,163,48
2022-10-11T19:35:09.814+02:00,IdeState,Active,Editor,5.ipynb,163,48
2022-10-11T19:35:10.815+02:00,IdeState,Active,Editor,5.ipynb,163,48
2022-10-11T19:35:11.819+02:00,IdeState,Active,Editor,5.ipynb,163,48
2022-10-11T19:35:12.821+02:00,IdeState,Active,Editor,5.ipynb,163,48
2022-10-11T19:35:13.825+02:00,IdeState,Active,Editor,5.ipynb,163,48
2022-10-11T19:35:14.828+02:00,IdeState,Active,Editor,5.ipynb,163,48
2022-10-11T19:35:15.829+02:00,IdeState,Active,Editor,5.ipynb,163,48
2022-10-11T19:35:16.833+02:00,IdeState,Active,Editor,5.ipynb,163,48
2022-10-11T19:35:17.835+02:00,IdeState,Active,Editor,5.ipynb,163,48
2022-10-11T19:35:18.840+02:00,IdeState,Active,Editor,5.ipynb,163,48
2022-10-11T19:35:19.840+02:00,IdeState,Active,Editor,5.ipynb,163,48
2022-10-11T19:35:20.844+02:00,IdeState,Active,Editor,5.ipynb,169,39
2022-10-11T19:35:21.849+02:00,IdeState,Active,Editor,5.ipynb,169,39
2022-10-11T19:35:22.051+02:00,Action,EditorRight,Editor,5.ipynb,169,39
2022-10-11T19:35:22.607+02:00,Action,EditorBackSpace,Editor,5.ipynb,169,40
2022-10-11T19:35:22.852+02:00,IdeState,Active,Editor,5.ipynb,169,39
2022-10-11T19:35:23.857+02:00,IdeState,Active,Editor,5.ipynb,169,39
2022-10-11T19:35:24.859+02:00,IdeState,Active,Editor,5.ipynb,169,39
2022-10-11T19:35:25.863+02:00,IdeState,Active,Editor,5.ipynb,169,39
2022-10-11T19:35:26.864+02:00,IdeState,Active,Editor,5.ipynb,169,39
2022-10-11T19:35:27.866+02:00,IdeState,Active,Editor,5.ipynb,169,39
2022-10-11T19:35:28.867+02:00,IdeState,Active,Editor,5.ipynb,169,39
2022-10-11T19:35:29.869+02:00,IdeState,Active,Editor,5.ipynb,169,39
2022-10-11T19:35:30.873+02:00,IdeState,Active,Editor,5.ipynb,169,39
2022-10-11T19:35:31.874+02:00,IdeState,Active,Editor,5.ipynb,169,39
2022-10-11T19:35:32.875+02:00,IdeState,Active,Editor,5.ipynb,181,40
2022-10-11T19:35:33.705+02:00,Action,EditorBackSpace,Editor,5.ipynb,181,40
2022-10-11T19:35:33.878+02:00,IdeState,Active,Editor,5.ipynb,181,40
2022-10-11T19:35:34.880+02:00,IdeState,Active,Editor,5.ipynb,181,40
2022-10-11T19:35:35.885+02:00,IdeState,Active,Editor,5.ipynb,183,13
2022-10-11T19:35:36.194+02:00,Action,EditorIndentSelection,Editor,5.ipynb,183,13
2022-10-11T19:35:36.890+02:00,IdeState,Active,Editor,5.ipynb,183,13
2022-10-11T19:35:37.892+02:00,IdeState,Active,Editor,5.ipynb,181,40
2022-10-11T19:35:38.897+02:00,IdeState,Active,Editor,5.ipynb,181,40
2022-10-11T19:35:39.899+02:00,IdeState,Active,Editor,5.ipynb,184,20
2022-10-11T19:35:40.145+02:00,Action,EditorUnindentSelection,Editor,5.ipynb,184,20
2022-10-11T19:35:40.902+02:00,IdeState,Active,Editor,5.ipynb,184,16
2022-10-11T19:35:41.906+02:00,IdeState,Active,Editor,5.ipynb,184,16
2022-10-11T19:35:42.908+02:00,IdeState,Active,Editor,5.ipynb,184,16
2022-10-11T19:35:43.913+02:00,IdeState,Active,Editor,5.ipynb,184,16
2022-10-11T19:35:44.917+02:00,IdeState,Active,Editor,5.ipynb,184,16
2022-10-11T19:35:45.921+02:00,IdeState,Active,Editor,5.ipynb,184,16
2022-10-11T19:35:46.922+02:00,IdeState,Active,Editor,5.ipynb,184,16
2022-10-11T19:35:47.924+02:00,IdeState,Active,Editor,5.ipynb,184,16
2022-10-11T19:35:48.927+02:00,IdeState,Active,Editor,5.ipynb,184,16
2022-10-11T19:35:49.931+02:00,IdeState,Active,Editor,5.ipynb,184,16
2022-10-11T19:35:50.935+02:00,IdeState,Active,Editor,5.ipynb,184,16
2022-10-11T19:35:51.940+02:00,IdeState,Active,Editor,5.ipynb,184,16
2022-10-11T19:35:52.945+02:00,IdeState,Active,Editor,5.ipynb,184,16
2022-10-11T19:35:53.948+02:00,IdeState,Active,Editor,5.ipynb,184,16
2022-10-11T19:35:54.951+02:00,IdeState,Active,Editor,5.ipynb,184,16
2022-10-11T19:35:55.952+02:00,IdeState,Active,Editor,5.ipynb,184,16
2022-10-11T19:35:56.617+02:00,Action,SaveAll,Editor,5.ipynb,184,16
2022-10-11T19:35:56.954+02:00,IdeState,Active,Editor,5.ipynb,184,16
2022-10-11T19:35:57.830+02:00,Action,org.jetbrains.research.ml.tasktracker.services.NextButtonAction,Editor,5.ipynb,184,16
2022-10-11T19:35:58.092+02:00,IdeState,Active,Editor,1.ipynb,0,0
2022-10-11T19:35:59.093+02:00,IdeState,Active,Editor,1.ipynb,1,0
2022-10-11T19:36:00.097+02:00,IdeState,Active,Editor,1.ipynb,1,0
2022-10-11T19:36:01.102+02:00,IdeState,Active,Editor,1.ipynb,8,4
2022-10-11T19:36:02.107+02:00,IdeState,Active,Editor,1.ipynb,8,4
2022-10-11T19:36:02.996+02:00,Action,EditorLeft,Editor,1.ipynb,8,7
2022-10-11T19:36:03.110+02:00,IdeState,Active,Editor,1.ipynb,8,6
2022-10-11T19:36:04.115+02:00,IdeState,Active,Editor,1.ipynb,8,9
2022-10-11T19:36:05.117+02:00,IdeState,Active,Editor,1.ipynb,8,14
2022-10-11T19:36:05.839+02:00,Action,EditorRight,Editor,1.ipynb,8,16
2022-10-11T19:36:06.121+02:00,IdeState,Active,Editor,1.ipynb,8,17
2022-10-11T19:36:06.578+02:00,Action,EditorEnter,Editor,1.ipynb,8,18
2022-10-11T19:36:07.126+02:00,IdeState,Active,Editor,1.ipynb,9,6
2022-10-11T19:36:08.131+02:00,IdeState,Active,Editor,1.ipynb,9,11
2022-10-11T19:36:08.217+02:00,Action,EditorEnter,Editor,1.ipynb,9,11
2022-10-11T19:36:09.132+02:00,IdeState,Active,Editor,1.ipynb,10,9
2022-10-11T19:36:10.136+02:00,IdeState,Active,Editor,1.ipynb,10,18
2022-10-11T19:36:10.612+02:00,Action,EditorLeft,Editor,1.ipynb,10,20
2022-10-11T19:36:11.139+02:00,IdeState,Active,Editor,1.ipynb,10,22
2022-10-11T19:36:11.694+02:00,Action,EditorRight,Editor,1.ipynb,10,25
2022-10-11T19:36:12.140+02:00,IdeState,Active,Editor,1.ipynb,10,27
2022-10-11T19:36:12.263+02:00,Action,EditorEnter,Editor,1.ipynb,10,27
2022-10-11T19:36:13.141+02:00,IdeState,Active,Editor,1.ipynb,11,11
2022-10-11T19:36:14.142+02:00,IdeState,Active,Editor,1.ipynb,11,15
2022-10-11T19:36:14.787+02:00,Action,EditorLeft,Editor,1.ipynb,11,17
2022-10-11T19:36:15.143+02:00,IdeState,Active,Editor,1.ipynb,11,16
2022-10-11T19:36:16.144+02:00,IdeState,Active,Editor,1.ipynb,11,20
2022-10-11T19:36:17.148+02:00,IdeState,Active,Editor,1.ipynb,11,23
2022-10-11T19:36:17.829+02:00,Action,EditorBackSpace,Editor,1.ipynb,11,23
2022-10-11T19:36:18.149+02:00,IdeState,Active,Editor,1.ipynb,11,23
2022-10-11T19:36:18.727+02:00,Action,EditorRight,Editor,1.ipynb,11,23
2022-10-11T19:36:19.150+02:00,IdeState,Active,Editor,1.ipynb,11,24
2022-10-11T19:36:20.155+02:00,IdeState,Active,Editor,1.ipynb,11,28
2022-10-11T19:36:21.159+02:00,IdeState,Active,Editor,1.ipynb,11,32
2022-10-11T19:36:22.161+02:00,IdeState,Active,Editor,1.ipynb,11,32
2022-10-11T19:36:23.166+02:00,IdeState,Active,Editor,1.ipynb,11,32
2022-10-11T19:36:24.170+02:00,IdeState,Active,Editor,1.ipynb,11,32
2022-10-11T19:36:24.460+02:00,Action,EditorLeft,Editor,1.ipynb,11,32
2022-10-11T19:36:24.618+02:00,Action,EditorLeft,Editor,1.ipynb,11,31
2022-10-11T19:36:25.176+02:00,IdeState,Active,Editor,1.ipynb,11,30
2022-10-11T19:36:25.571+02:00,Action,EditorLeft,Editor,1.ipynb,11,31
2022-10-11T19:36:26.068+02:00,Action,EditorLeft,Editor,1.ipynb,11,30
2022-10-11T19:36:26.151+02:00,Action,EditorLeft,Editor,1.ipynb,11,29
2022-10-11T19:36:26.177+02:00,IdeState,Active,Editor,1.ipynb,11,28
2022-10-11T19:36:26.236+02:00,Action,EditorLeft,Editor,1.ipynb,11,28
2022-10-11T19:36:26.318+02:00,Action,EditorLeft,Editor,1.ipynb,11,27
2022-10-11T19:36:26.401+02:00,Action,EditorLeft,Editor,1.ipynb,11,26
2022-10-11T19:36:26.487+02:00,Action,EditorLeft,Editor,1.ipynb,11,25
2022-10-11T19:36:26.570+02:00,Action,EditorLeft,Editor,1.ipynb,11,24
2022-10-11T19:36:26.656+02:00,Action,EditorLeft,Editor,1.ipynb,11,23
2022-10-11T19:36:26.738+02:00,Action,EditorLeft,Editor,1.ipynb,11,22
2022-10-11T19:36:26.818+02:00,Action,EditorLeft,Editor,1.ipynb,11,21
2022-10-11T19:36:26.906+02:00,Action,EditorLeft,Editor,1.ipynb,11,20
2022-10-11T19:36:26.988+02:00,Action,EditorLeft,Editor,1.ipynb,11,19
2022-10-11T19:36:27.068+02:00,Action,EditorLeft,Editor,1.ipynb,11,18
2022-10-11T19:36:27.154+02:00,Action,EditorLeft,Editor,1.ipynb,11,17
2022-10-11T19:36:27.179+02:00,IdeState,Active,Editor,1.ipynb,11,16
2022-10-11T19:36:27.238+02:00,Action,EditorLeft,Editor,1.ipynb,11,16
2022-10-11T19:36:27.789+02:00,Action,EditorLineEnd,Editor,1.ipynb,11,16
2022-10-11T19:36:27.856+02:00,Action,EditorLeft,Editor,1.ipynb,11,33
2022-10-11T19:36:28.046+02:00,Action,EditorLeft,Editor,1.ipynb,11,32
2022-10-11T19:36:28.183+02:00,IdeState,Active,Editor,1.ipynb,11,31
2022-10-11T19:36:28.313+02:00,Action,EditorBackSpace,Editor,1.ipynb,11,31
2022-10-11T19:36:28.490+02:00,Action,EditorRight,Editor,1.ipynb,11,30
2022-10-11T19:36:29.077+02:00,Action,EditorRight,Editor,1.ipynb,11,32
2022-10-11T19:36:29.184+02:00,IdeState,Active,Editor,1.ipynb,11,33
2022-10-11T19:36:29.884+02:00,Action,EditorLeft,Editor,1.ipynb,11,36
2022-10-11T19:36:30.189+02:00,IdeState,Active,Editor,1.ipynb,11,35
2022-10-11T19:36:31.189+02:00,IdeState,Active,Editor,1.ipynb,11,35
2022-10-11T19:36:32.191+02:00,IdeState,Active,Editor,1.ipynb,11,38
2022-10-11T19:36:33.197+02:00,IdeState,Active,Editor,1.ipynb,11,41
2022-10-11T19:36:33.743+02:00,Action,EditorBackSpace,Editor,1.ipynb,11,41
2022-10-11T19:36:34.200+02:00,IdeState,Active,Editor,1.ipynb,11,41
2022-10-11T19:36:35.202+02:00,IdeState,Active,Editor,1.ipynb,11,43
2022-10-11T19:36:35.730+02:00,Action,EditorLeft,Editor,1.ipynb,11,44
2022-10-11T19:36:35.897+02:00,Action,EditorLeft,Editor,1.ipynb,11,43
2022-10-11T19:36:36.026+02:00,Action,EditorLeft,Editor,1.ipynb,11,42
2022-10-11T19:36:36.161+02:00,Action,EditorLeft,Editor,1.ipynb,11,41
2022-10-11T19:36:36.202+02:00,IdeState,Active,Editor,1.ipynb,11,40
2022-10-11T19:36:36.288+02:00,Action,EditorLeft,Editor,1.ipynb,11,40
2022-10-11T19:36:36.459+02:00,Action,EditorLeft,Editor,1.ipynb,11,39
2022-10-11T19:36:37.205+02:00,IdeState,Active,Editor,1.ipynb,11,39
2022-10-11T19:36:37.616+02:00,Action,SaveAll,Editor,1.ipynb,11,39
2022-10-11T19:36:38.210+02:00,IdeState,Active,Editor,1.ipynb,11,39
2022-10-11T19:36:39.215+02:00,IdeState,Active,Editor,1.ipynb,11,39
2022-10-11T19:36:39.353+02:00,Action,EditorLineEnd,Editor,1.ipynb,11,39
2022-10-11T19:36:39.581+02:00,Action,EditorEnter,Editor,1.ipynb,11,45
2022-10-11T19:36:39.806+02:00,Action,EditorBackSpace,Editor,1.ipynb,12,35
2022-10-11T19:36:40.215+02:00,IdeState,Active,Editor,1.ipynb,12,32
2022-10-11T19:36:40.736+02:00,Action,EditorUnindentSelection,Editor,1.ipynb,12,32
2022-10-11T19:36:40.930+02:00,Action,EditorUnindentSelection,Editor,1.ipynb,12,28
2022-10-11T19:36:41.130+02:00,Action,EditorUnindentSelection,Editor,1.ipynb,12,24
2022-10-11T19:36:41.220+02:00,IdeState,Active,Editor,1.ipynb,12,20
2022-10-11T19:36:41.297+02:00,Action,EditorUnindentSelection,Editor,1.ipynb,12,20
2022-10-11T19:36:41.467+02:00,Action,EditorUnindentSelection,Editor,1.ipynb,12,16
2022-10-11T19:36:41.652+02:00,Action,EditorUnindentSelection,Editor,1.ipynb,12,12
2022-10-11T19:36:42.085+02:00,Action,EditorUnindentSelection,Editor,1.ipynb,12,8
2022-10-11T19:36:42.221+02:00,IdeState,Active,Editor,1.ipynb,12,4
2022-10-11T19:36:43.222+02:00,IdeState,Active,Editor,1.ipynb,12,12
2022-10-11T19:36:44.021+02:00,Action,SaveAll,Editor,1.ipynb,12,14
2022-10-11T19:36:44.223+02:00,IdeState,Active,Editor,1.ipynb,12,14
2022-10-11T19:36:45.226+02:00,IdeState,Active,Editor,1.ipynb,12,14
2022-10-11T19:36:45.852+02:00,Action,org.jetbrains.research.ml.tasktracker.services.NextButtonAction,Editor,1.ipynb,12,14
2022-10-11T19:36:45.923+02:00,Action,ToggleZenMode,Editor,6.ipynb,0,0
2022-10-11T19:36:46.334+02:00,IdeState,Active,Editor,6.ipynb,1,0
2022-10-11T19:36:47.340+02:00,IdeState,Active,Editor,6.ipynb,1,0
2022-10-11T19:36:48.343+02:00,IdeState,Active,Editor,6.ipynb,1,0
2022-10-11T19:36:49.345+02:00,IdeState,Active,Editor,6.ipynb,1,0
2022-10-11T19:36:50.350+02:00,IdeState,Active,Editor,6.ipynb,1,0
2022-10-11T19:36:51.352+02:00,IdeState,Active,Editor,6.ipynb,1,0
2022-10-11T19:36:52.356+02:00,IdeState,Active,Editor,6.ipynb,1,0
2022-10-11T19:36:53.359+02:00,IdeState,Active,Editor,6.ipynb,1,0
2022-10-11T19:36:54.363+02:00,IdeState,Active,Editor,6.ipynb,1,0
2022-10-11T19:36:55.367+02:00,IdeState,Active,Editor,6.ipynb,1,0
2022-10-11T19:36:56.373+02:00,IdeState,Active,Editor,6.ipynb,1,0
2022-10-11T19:36:57.375+02:00,IdeState,Active,Editor,6.ipynb,1,0
2022-10-11T19:36:58.376+02:00,IdeState,Active,Editor,6.ipynb,1,0
2022-10-11T19:36:59.379+02:00,IdeState,Active,Editor,6.ipynb,1,0
2022-10-11T19:37:00.380+02:00,IdeState,Active,Editor,6.ipynb,1,0
2022-10-11T19:37:01.384+02:00,IdeState,Active,Editor,6.ipynb,1,0
2022-10-11T19:37:02.387+02:00,IdeState,Active,Editor,6.ipynb,1,0
2022-10-11T19:37:03.392+02:00,IdeState,Active,Editor,6.ipynb,1,0
2022-10-11T19:37:04.393+02:00,IdeState,Active,Editor,6.ipynb,7,22
2022-10-11T19:37:04.832+02:00,Action,EditorBackSpace,Editor,6.ipynb,7,22
2022-10-11T19:37:05.395+02:00,IdeState,Active,Editor,6.ipynb,7,22
2022-10-11T19:37:06.398+02:00,IdeState,Active,Editor,6.ipynb,7,22
2022-10-11T19:37:07.402+02:00,IdeState,Active,Editor,6.ipynb,7,22
2022-10-11T19:37:08.406+02:00,IdeState,Active,Editor,6.ipynb,7,22
2022-10-11T19:37:09.407+02:00,IdeState,Active,Editor,6.ipynb,7,22
2022-10-11T19:37:10.407+02:00,IdeState,Active,Editor,6.ipynb,7,22
2022-10-11T19:37:11.409+02:00,IdeState,Active,Editor,6.ipynb,7,22
2022-10-11T19:37:12.411+02:00,IdeState,Active,Editor,6.ipynb,13,14
2022-10-11T19:37:12.703+02:00,Action,EditorBackSpace,Editor,6.ipynb,13,14
2022-10-11T19:37:13.414+02:00,IdeState,Active,Editor,6.ipynb,13,14
2022-10-11T19:37:14.418+02:00,IdeState,Active,Editor,6.ipynb,13,14
2022-10-11T19:37:15.420+02:00,IdeState,Active,Editor,6.ipynb,13,14
2022-10-11T19:37:16.420+02:00,IdeState,Active,Editor,6.ipynb,13,14
2022-10-11T19:37:17.425+02:00,IdeState,Active,Editor,6.ipynb,13,14
2022-10-11T19:37:18.427+02:00,IdeState,Active,Editor,6.ipynb,13,14
2022-10-11T19:37:19.431+02:00,IdeState,Active,Editor,6.ipynb,13,14
2022-10-11T19:37:20.432+02:00,IdeState,Active,Editor,6.ipynb,13,14
2022-10-11T19:37:21.436+02:00,IdeState,Active,Editor,6.ipynb,13,14
2022-10-11T19:37:22.441+02:00,IdeState,Active,Editor,6.ipynb,19,17
2022-10-11T19:37:22.783+02:00,Action,EditorLeft,Editor,6.ipynb,19,17
2022-10-11T19:37:23.443+02:00,IdeState,Active,Editor,6.ipynb,19,17
2022-10-11T19:37:24.446+02:00,IdeState,Active,Editor,6.ipynb,19,17
2022-10-11T19:37:25.456+02:00,IdeState,Active,Editor,6.ipynb,19,17
2022-10-11T19:37:26.456+02:00,IdeState,Active,Editor,6.ipynb,19,17
2022-10-11T19:37:27.459+02:00,IdeState,Active,Editor,6.ipynb,19,17
2022-10-11T19:37:28.460+02:00,IdeState,Active,Editor,6.ipynb,19,17
2022-10-11T19:37:29.464+02:00,IdeState,Active,Editor,6.ipynb,19,17
2022-10-11T19:37:30.467+02:00,IdeState,Active,Editor,6.ipynb,19,17
2022-10-11T19:37:31.468+02:00,IdeState,Active,Editor,6.ipynb,19,17
2022-10-11T19:37:32.472+02:00,IdeState,Active,Editor,6.ipynb,19,17
2022-10-11T19:37:33.474+02:00,IdeState,Active,Editor,6.ipynb,19,17
2022-10-11T19:37:34.478+02:00,IdeState,Active,Editor,6.ipynb,19,17
2022-10-11T19:37:35.481+02:00,IdeState,Active,Editor,6.ipynb,19,17
2022-10-11T19:37:36.485+02:00,IdeState,Active,Editor,6.ipynb,19,17
2022-10-11T19:37:37.489+02:00,IdeState,Active,Editor,6.ipynb,19,17
2022-10-11T19:37:38.493+02:00,IdeState,Active,Editor,6.ipynb,29,7
2022-10-11T19:37:39.496+02:00,IdeState,Active,Editor,6.ipynb,29,7
2022-10-11T19:37:39.582+02:00,Action,Replace,Editor,6.ipynb,29,7
2022-10-11T19:37:40.497+02:00,IdeState,Active,Popup,6.ipynb,30,20
2022-10-11T19:37:41.502+02:00,IdeState,Active,Popup,6.ipynb,30,21
2022-10-11T19:37:42.507+02:00,IdeState,Active,Popup,6.ipynb,30,21
2022-10-11T19:37:43.510+02:00,IdeState,Active,Popup,6.ipynb,30,21
2022-10-11T19:37:44.513+02:00,IdeState,Active,Popup,6.ipynb,30,21
2022-10-11T19:37:45.557+02:00,IdeState,Active,Popup,6.ipynb,30,21
2022-10-11T19:37:46.558+02:00,IdeState,Active,Popup,6.ipynb,30,21
2022-10-11T19:37:47.561+02:00,IdeState,Active,Popup,6.ipynb,30,21
2022-10-11T19:37:48.563+02:00,IdeState,Active,Editor,6.ipynb,30,21
2022-10-11T19:37:48.918+02:00,Action,SaveAll,Editor,6.ipynb,30,21
2022-10-11T19:37:49.568+02:00,IdeState,Active,Editor,6.ipynb,30,21
2022-10-11T19:37:50.571+02:00,IdeState,Active,Editor,6.ipynb,32,46
2022-10-11T19:37:51.572+02:00,IdeState,Active,Editor,6.ipynb,32,46
2022-10-11T19:37:52.577+02:00,IdeState,Active,Editor,6.ipynb,32,46
2022-10-11T19:37:53.577+02:00,IdeState,Active,Editor,6.ipynb,37,10
2022-10-11T19:37:53.579+02:00,Action,EditorUnindentSelection,Editor,6.ipynb,37,10
2022-10-11T19:37:54.580+02:00,IdeState,Active,Editor,6.ipynb,37,21
2022-10-11T19:37:54.785+02:00,Action,ReformatCode,Editor,6.ipynb,37,21
2022-10-11T19:37:55.608+02:00,IdeState,Active,Editor,6.ipynb,40,21
2022-10-11T19:37:56.613+02:00,IdeState,Active,Editor,6.ipynb,40,21
2022-10-11T19:37:57.616+02:00,IdeState,Active,Editor,6.ipynb,40,21
2022-10-11T19:37:58.616+02:00,IdeState,Active,Editor,6.ipynb,40,21
2022-10-11T19:37:58.916+02:00,Action,$Undo,Editor,6.ipynb,40,21
2022-10-11T19:37:59.618+02:00,IdeState,Active,Editor,6.ipynb,37,21
2022-10-11T19:38:00.620+02:00,IdeState,Active,Editor,6.ipynb,37,21
2022-10-11T19:38:01.622+02:00,IdeState,Active,Editor,6.ipynb,37,21
2022-10-11T19:38:02.623+02:00,IdeState,Active,Editor,6.ipynb,37,21
2022-10-11T19:38:03.624+02:00,IdeState,Active,Editor,6.ipynb,42,85
2022-10-11T19:38:04.008+02:00,Action,EditorBackSpace,Editor,6.ipynb,42,85
2022-10-11T19:38:04.390+02:00,Action,SaveAll,Editor,6.ipynb,42,84
2022-10-11T19:38:04.627+02:00,IdeState,Active,Editor,6.ipynb,42,84
2022-10-11T19:38:05.629+02:00,IdeState,Active,Editor,6.ipynb,42,84
2022-10-11T19:38:06.633+02:00,IdeState,Active,Editor,6.ipynb,42,84
2022-10-11T19:38:07.635+02:00,IdeState,Active,Editor,6.ipynb,42,84
2022-10-11T19:38:08.638+02:00,IdeState,Active,Editor,6.ipynb,42,84
2022-10-11T19:38:09.640+02:00,IdeState,Active,Editor,6.ipynb,42,84
2022-10-11T19:38:10.644+02:00,IdeState,Active,Editor,6.ipynb,42,84
2022-10-11T19:38:11.646+02:00,IdeState,Active,Editor,6.ipynb,42,84
2022-10-11T19:38:12.647+02:00,Action,EditorBackSpace,Editor,6.ipynb,48,9
2022-10-11T19:38:12.655+02:00,IdeState,Active,Editor,6.ipynb,48,8
2022-10-11T19:38:13.657+02:00,IdeState,Active,Editor,6.ipynb,48,9
2022-10-11T19:38:14.659+02:00,IdeState,Active,Editor,6.ipynb,48,9
2022-10-11T19:38:15.663+02:00,IdeState,Active,Editor,6.ipynb,48,9
2022-10-11T19:38:16.668+02:00,IdeState,Active,Editor,6.ipynb,48,9
2022-10-11T19:38:17.674+02:00,IdeState,Active,Editor,6.ipynb,48,9
2022-10-11T19:38:18.679+02:00,IdeState,Active,Editor,6.ipynb,48,9
2022-10-11T19:38:19.682+02:00,IdeState,Active,Editor,6.ipynb,48,9
2022-10-11T19:38:20.683+02:00,IdeState,Active,Editor,6.ipynb,48,9
2022-10-11T19:38:21.684+02:00,IdeState,Active,Editor,6.ipynb,48,9
2022-10-11T19:38:22.688+02:00,IdeState,Active,Editor,6.ipynb,55,33
2022-10-11T19:38:23.324+02:00,Action,EditorLeft,Editor,6.ipynb,55,33
2022-10-11T19:38:23.386+02:00,Action,EditorBackSpace,Editor,6.ipynb,55,32
2022-10-11T19:38:23.693+02:00,IdeState,Active,Editor,6.ipynb,55,31
2022-10-11T19:38:24.697+02:00,IdeState,Active,Editor,6.ipynb,55,31
2022-10-11T19:38:24.931+02:00,Action,EditorDown,Editor,6.ipynb,55,31
2022-10-11T19:38:25.106+02:00,Action,EditorDown,Editor,6.ipynb,56,31
2022-10-11T19:38:25.699+02:00,IdeState,Active,Editor,6.ipynb,57,31
2022-10-11T19:38:26.030+02:00,Action,EditorUp,Editor,6.ipynb,57,31
2022-10-11T19:38:26.705+02:00,IdeState,Active,Editor,6.ipynb,56,31
2022-10-11T19:38:27.146+02:00,Action,EditorLeft,Editor,6.ipynb,56,31
2022-10-11T19:38:27.707+02:00,IdeState,Active,Editor,6.ipynb,56,30
2022-10-11T19:38:28.709+02:00,IdeState,Active,Editor,6.ipynb,56,30
2022-10-11T19:38:29.713+02:00,IdeState,Active,Editor,6.ipynb,56,30
2022-10-11T19:38:30.714+02:00,IdeState,Active,Editor,6.ipynb,56,30
2022-10-11T19:38:31.720+02:00,IdeState,Active,Editor,6.ipynb,56,30
2022-10-11T19:38:32.725+02:00,IdeState,Active,Editor,6.ipynb,61,12
2022-10-11T19:38:33.730+02:00,IdeState,Active,Editor,6.ipynb,61,59
2022-10-11T19:38:34.730+02:00,IdeState,Active,Editor,6.ipynb,61,59
2022-10-11T19:38:35.733+02:00,IdeState,Active,Editor,6.ipynb,61,59
2022-10-11T19:38:36.736+02:00,IdeState,Active,Editor,6.ipynb,61,59
2022-10-11T19:38:37.740+02:00,IdeState,Active,Editor,6.ipynb,61,59
2022-10-11T19:38:38.741+02:00,IdeState,Active,Editor,6.ipynb,61,59
2022-10-11T19:38:39.743+02:00,IdeState,Active,Editor,6.ipynb,61,59
2022-10-11T19:38:40.748+02:00,IdeState,Active,Editor,6.ipynb,61,59
2022-10-11T19:38:41.750+02:00,IdeState,Active,Editor,6.ipynb,61,59
2022-10-11T19:38:42.752+02:00,IdeState,Active,Editor,6.ipynb,70,38
2022-10-11T19:38:42.869+02:00,Action,EditorBackSpace,Editor,6.ipynb,70,38
2022-10-11T19:38:43.757+02:00,IdeState,Active,Editor,6.ipynb,70,37
2022-10-11T19:38:44.761+02:00,IdeState,Active,Editor,6.ipynb,70,37
2022-10-11T19:38:45.768+02:00,IdeState,Active,Editor,6.ipynb,70,37
2022-10-11T19:38:46.773+02:00,IdeState,Active,Editor,6.ipynb,70,37
2022-10-11T19:38:47.775+02:00,IdeState,Active,Editor,6.ipynb,70,37
2022-10-11T19:38:48.780+02:00,IdeState,Active,Editor,6.ipynb,70,37
2022-10-11T19:38:49.785+02:00,IdeState,Active,Editor,6.ipynb,70,37
2022-10-11T19:38:50.790+02:00,IdeState,Active,Editor,6.ipynb,70,37
2022-10-11T19:38:51.464+02:00,Action,EditorUnindentSelection,Editor,6.ipynb,83,36
2022-10-11T19:38:51.795+02:00,IdeState,Active,Editor,6.ipynb,83,32
2022-10-11T19:38:52.796+02:00,IdeState,Active,Editor,6.ipynb,82,28
2022-10-11T19:38:53.801+02:00,IdeState,Active,Editor,6.ipynb,84,32
2022-10-11T19:38:54.803+02:00,IdeState,Active,Editor,6.ipynb,86,23
2022-10-11T19:38:55.807+02:00,IdeState,Active,Editor,6.ipynb,87,38
2022-10-11T19:38:56.808+02:00,IdeState,Active,Editor,6.ipynb,87,38
2022-10-11T19:38:57.813+02:00,IdeState,Active,Editor,6.ipynb,87,38
2022-10-11T19:38:58.820+02:00,IdeState,Active,Editor,6.ipynb,87,38
2022-10-11T19:38:59.821+02:00,IdeState,Active,Editor,6.ipynb,87,38
2022-10-11T19:39:00.823+02:00,IdeState,Active,Editor,6.ipynb,87,38
2022-10-11T19:39:01.825+02:00,IdeState,Active,Editor,6.ipynb,87,38
2022-10-11T19:39:02.830+02:00,IdeState,Active,Editor,6.ipynb,87,38
2022-10-11T19:39:03.833+02:00,IdeState,Active,Editor,6.ipynb,87,38
2022-10-11T19:39:04.835+02:00,IdeState,Active,Editor,6.ipynb,87,38
2022-10-11T19:39:05.839+02:00,IdeState,Active,Editor,6.ipynb,87,38
2022-10-11T19:39:06.844+02:00,IdeState,Active,Editor,6.ipynb,87,38
2022-10-11T19:39:07.847+02:00,IdeState,Active,Editor,6.ipynb,87,38
2022-10-11T19:39:08.848+02:00,IdeState,Active,Editor,6.ipynb,87,38
2022-10-11T19:39:09.853+02:00,IdeState,Active,Editor,6.ipynb,87,38
2022-10-11T19:39:10.855+02:00,IdeState,Active,Editor,6.ipynb,87,38
2022-10-11T19:39:11.861+02:00,IdeState,Active,Editor,6.ipynb,87,38
2022-10-11T19:39:12.862+02:00,IdeState,Active,Editor,6.ipynb,87,38
2022-10-11T19:39:13.864+02:00,IdeState,Active,Editor,6.ipynb,87,38
2022-10-11T19:39:14.869+02:00,IdeState,Active,Editor,6.ipynb,87,38
2022-10-11T19:39:15.873+02:00,IdeState,Active,Editor,6.ipynb,87,38
2022-10-11T19:39:16.875+02:00,IdeState,Active,Editor,6.ipynb,87,38
2022-10-11T19:39:17.876+02:00,IdeState,Active,Editor,6.ipynb,87,38
2022-10-11T19:39:18.878+02:00,IdeState,Active,Editor,6.ipynb,87,38
2022-10-11T19:39:19.883+02:00,IdeState,Active,Editor,6.ipynb,87,38
2022-10-11T19:39:20.887+02:00,IdeState,Active,Editor,6.ipynb,87,38
2022-10-11T19:39:21.891+02:00,IdeState,Active,Editor,6.ipynb,87,38
2022-10-11T19:39:22.895+02:00,IdeState,Active,Editor,6.ipynb,113,11
2022-10-11T19:39:23.901+02:00,IdeState,Active,Editor,6.ipynb,113,13
2022-10-11T19:39:24.471+02:00,Action,Find,Editor,6.ipynb,113,13
2022-10-11T19:39:24.902+02:00,IdeState,Active,Popup,6.ipynb,113,13
2022-10-11T19:39:25.908+02:00,IdeState,Active,Popup,6.ipynb,113,13
2022-10-11T19:39:26.912+02:00,IdeState,Active,Popup,6.ipynb,113,13
2022-10-11T19:39:27.917+02:00,IdeState,Active,Popup,6.ipynb,113,13
2022-10-11T19:39:28.919+02:00,IdeState,Active,Popup,6.ipynb,113,13
2022-10-11T19:39:29.924+02:00,IdeState,Active,Editor,6.ipynb,113,12
2022-10-11T19:39:30.925+02:00,IdeState,Active,Editor,6.ipynb,113,13
2022-10-11T19:39:31.229+02:00,Action,EditorBackSpace,Editor,6.ipynb,113,13
2022-10-11T19:39:31.336+02:00,Action,EditorLeft,Editor,6.ipynb,113,12
2022-10-11T19:39:31.930+02:00,IdeState,Active,Editor,6.ipynb,113,11
2022-10-11T19:39:32.408+02:00,Action,EditorEscape,Editor,6.ipynb,113,12
2022-10-11T19:39:32.933+02:00,IdeState,Active,Editor,6.ipynb,113,12
2022-10-11T19:39:33.938+02:00,IdeState,Active,Editor,6.ipynb,113,16
2022-10-11T19:39:34.939+02:00,IdeState,Active,Editor,6.ipynb,113,16
2022-10-11T19:39:35.940+02:00,IdeState,Active,Editor,6.ipynb,113,16
2022-10-11T19:39:36.944+02:00,IdeState,Active,Editor,6.ipynb,113,16
2022-10-11T19:39:37.948+02:00,IdeState,Active,Editor,6.ipynb,113,16
2022-10-11T19:39:38.956+02:00,IdeState,Active,Editor,6.ipynb,113,16
2022-10-11T19:39:39.957+02:00,IdeState,Active,Editor,6.ipynb,113,16
2022-10-11T19:39:40.960+02:00,IdeState,Active,Editor,6.ipynb,113,16
2022-10-11T19:39:41.966+02:00,IdeState,Active,Editor,6.ipynb,113,16
2022-10-11T19:39:42.968+02:00,IdeState,Active,Editor,6.ipynb,113,16
2022-10-11T19:39:43.972+02:00,IdeState,Active,Editor,6.ipynb,113,16
2022-10-11T19:39:44.975+02:00,IdeState,Active,Editor,6.ipynb,124,21
2022-10-11T19:39:45.204+02:00,Action,EditorIndentSelection,Editor,6.ipynb,124,21
2022-10-11T19:39:45.978+02:00,IdeState,Active,Editor,6.ipynb,121,42
2022-10-11T19:39:46.906+02:00,Action,SaveAll,Editor,6.ipynb,121,42
2022-10-11T19:39:46.992+02:00,IdeState,Active,Editor,6.ipynb,121,42
2022-10-11T19:39:47.997+02:00,IdeState,Active,Editor,6.ipynb,121,42
2022-10-11T19:39:48.999+02:00,IdeState,Active,Editor,6.ipynb,121,42
2022-10-11T19:39:50.003+02:00,IdeState,Active,Editor,6.ipynb,121,42
2022-10-11T19:39:51.005+02:00,IdeState,Active,Editor,6.ipynb,121,42
2022-10-11T19:39:52.010+02:00,IdeState,Active,Editor,6.ipynb,121,42
2022-10-11T19:39:53.015+02:00,IdeState,Active,Editor,6.ipynb,121,42
2022-10-11T19:39:54.020+02:00,IdeState,Active,Editor,6.ipynb,121,42
2022-10-11T19:39:55.020+02:00,IdeState,Active,Editor,6.ipynb,121,42
2022-10-11T19:39:56.022+02:00,IdeState,Active,Editor,6.ipynb,121,42
2022-10-11T19:39:57.027+02:00,IdeState,Active,Editor,6.ipynb,121,42
2022-10-11T19:39:58.029+02:00,IdeState,Active,Editor,6.ipynb,121,42
2022-10-11T19:39:59.031+02:00,IdeState,Active,Editor,6.ipynb,121,42
2022-10-11T19:40:00.035+02:00,IdeState,Active,Editor,6.ipynb,121,42
2022-10-11T19:40:01.040+02:00,IdeState,Active,Editor,6.ipynb,121,42
2022-10-11T19:40:02.042+02:00,IdeState,Active,Editor,6.ipynb,121,42
2022-10-11T19:40:03.044+02:00,IdeState,Active,Editor,6.ipynb,121,42
2022-10-11T19:40:04.048+02:00,IdeState,Active,Editor,6.ipynb,121,42
2022-10-11T19:40:05.051+02:00,IdeState,Active,Editor,6.ipynb,121,42
2022-10-11T19:40:06.056+02:00,IdeState,Active,Editor,6.ipynb,121,42
2022-10-11T19:40:07.058+02:00,IdeState,Active,Editor,6.ipynb,121,42
2022-10-11T19:40:08.060+02:00,IdeState,Active,Editor,6.ipynb,121,42
2022-10-11T19:40:09.066+02:00,IdeState,Active,Editor,6.ipynb,138,29
2022-10-11T19:40:09.669+02:00,Action,EditorLineStart,Editor,6.ipynb,138,29
2022-10-11T19:40:10.072+02:00,IdeState,Active,Editor,6.ipynb,138,12
2022-10-11T19:40:11.076+02:00,IdeState,Active,Editor,6.ipynb,138,12
2022-10-11T19:40:11.299+02:00,Action,EditorDownWithSelection,Editor,6.ipynb,138,12
2022-10-11T19:40:11.545+02:00,Action,EditorIndentSelection,Editor,6.ipynb,139,12
2022-10-11T19:40:12.078+02:00,IdeState,Active,Editor,6.ipynb,139,16
2022-10-11T19:40:13.079+02:00,IdeState,Active,Editor,6.ipynb,137,36
2022-10-11T19:40:14.079+02:00,IdeState,Active,Editor,6.ipynb,137,36
2022-10-11T19:40:15.084+02:00,IdeState,Active,Editor,6.ipynb,137,36
2022-10-11T19:40:16.085+02:00,IdeState,Active,Editor,6.ipynb,137,36
2022-10-11T19:40:17.090+02:00,IdeState,Active,Editor,6.ipynb,137,36
2022-10-11T19:40:18.094+02:00,IdeState,Active,Editor,6.ipynb,137,36
2022-10-11T19:40:19.095+02:00,IdeState,Active,Editor,6.ipynb,137,36
2022-10-11T19:40:20.101+02:00,IdeState,Active,Editor,6.ipynb,137,36
2022-10-11T19:40:21.106+02:00,IdeState,Active,Editor,6.ipynb,142,46
2022-10-11T19:40:21.547+02:00,Action,EditorDelete,Editor,6.ipynb,142,46
2022-10-11T19:40:22.111+02:00,IdeState,Active,Editor,6.ipynb,142,46
2022-10-11T19:40:23.115+02:00,IdeState,Active,Editor,6.ipynb,142,49
2022-10-11T19:40:23.535+02:00,Action,SaveAll,Editor,6.ipynb,142,49
2022-10-11T19:40:24.116+02:00,IdeState,Active,Editor,6.ipynb,142,49
2022-10-11T19:40:25.121+02:00,IdeState,Active,Editor,6.ipynb,142,49
2022-10-11T19:40:26.124+02:00,IdeState,Active,Editor,6.ipynb,142,49
2022-10-11T19:40:27.129+02:00,IdeState,Active,Editor,6.ipynb,142,49
2022-10-11T19:40:28.131+02:00,IdeState,Active,Editor,6.ipynb,142,49
2022-10-11T19:40:29.133+02:00,IdeState,Active,Editor,6.ipynb,142,49
2022-10-11T19:40:30.137+02:00,IdeState,Active,Editor,6.ipynb,142,49
2022-10-11T19:40:31.139+02:00,IdeState,Active,Editor,6.ipynb,142,49
2022-10-11T19:40:31.913+02:00,Action,Find,Editor,6.ipynb,151,6
2022-10-11T19:40:32.140+02:00,IdeState,Active,Popup,6.ipynb,151,6
2022-10-11T19:40:33.142+02:00,IdeState,Active,Editor,6.ipynb,151,5
2022-10-11T19:40:33.632+02:00,Action,EditorEscape,Editor,6.ipynb,151,6
2022-10-11T19:40:34.144+02:00,IdeState,Active,Editor,6.ipynb,151,6
2022-10-11T19:40:35.149+02:00,IdeState,Active,Editor,6.ipynb,151,33
2022-10-11T19:40:36.151+02:00,IdeState,Active,Editor,6.ipynb,151,33
2022-10-11T19:40:37.153+02:00,IdeState,Active,Editor,6.ipynb,151,33
2022-10-11T19:40:38.156+02:00,IdeState,Active,Editor,6.ipynb,151,33
2022-10-11T19:40:39.162+02:00,IdeState,Active,Editor,6.ipynb,151,33
2022-10-11T19:40:40.170+02:00,IdeState,Active,Editor,6.ipynb,151,33
2022-10-11T19:40:41.177+02:00,IdeState,Active,Editor,6.ipynb,151,33
2022-10-11T19:40:42.181+02:00,IdeState,Active,Editor,6.ipynb,151,33
2022-10-11T19:40:43.185+02:00,IdeState,Active,Editor,6.ipynb,151,33
2022-10-11T19:40:44.189+02:00,IdeState,Active,Editor,6.ipynb,151,33
2022-10-11T19:40:45.192+02:00,IdeState,Active,Editor,6.ipynb,151,33
2022-10-11T19:40:46.198+02:00,IdeState,Active,Editor,6.ipynb,151,33
2022-10-11T19:40:47.200+02:00,IdeState,Active,Editor,6.ipynb,151,33
2022-10-11T19:40:48.202+02:00,IdeState,Active,Editor,6.ipynb,151,33
2022-10-11T19:40:49.208+02:00,IdeState,Active,Editor,6.ipynb,151,33
2022-10-11T19:40:50.210+02:00,IdeState,Active,Editor,6.ipynb,151,33
2022-10-11T19:40:51.215+02:00,IdeState,Active,Editor,6.ipynb,151,33
2022-10-11T19:40:52.222+02:00,IdeState,Active,Editor,6.ipynb,168,13
2022-10-11T19:40:52.483+02:00,Action,Find,Editor,6.ipynb,168,24
2022-10-11T19:40:53.228+02:00,IdeState,Active,Popup,6.ipynb,168,24
2022-10-11T19:40:54.233+02:00,IdeState,Active,Popup,6.ipynb,168,24
2022-10-11T19:40:55.239+02:00,IdeState,Active,Popup,6.ipynb,168,24
2022-10-11T19:40:56.240+02:00,IdeState,Active,Popup,6.ipynb,177,37
2022-10-11T19:40:57.246+02:00,IdeState,Active,Popup,6.ipynb,177,37
2022-10-11T19:40:58.252+02:00,IdeState,Active,Popup,6.ipynb,177,37
2022-10-11T19:40:59.122+02:00,Action,EditorCopy,Editor,6.ipynb,177,37
2022-10-11T19:40:59.258+02:00,IdeState,Active,Editor,6.ipynb,177,37
2022-10-11T19:40:59.724+02:00,Action,EditorPaste,Editor,6.ipynb,168,24
2022-10-11T19:41:00.263+02:00,IdeState,Active,Editor,6.ipynb,168,24
2022-10-11T19:41:00.972+02:00,Action,EditorEscape,Editor,6.ipynb,171,11
2022-10-11T19:41:01.267+02:00,IdeState,Active,Editor,6.ipynb,171,11
2022-10-11T19:41:01.942+02:00,Action,SaveAll,Editor,6.ipynb,171,11
2022-10-11T19:41:02.269+02:00,IdeState,Active,Editor,6.ipynb,171,11
2022-10-11T19:41:03.273+02:00,IdeState,Active,Editor,6.ipynb,171,11
2022-10-11T19:41:04.275+02:00,IdeState,Active,Editor,6.ipynb,171,11
2022-10-11T19:41:05.276+02:00,IdeState,Active,Editor,6.ipynb,171,11
2022-10-11T19:41:06.277+02:00,IdeState,Active,Editor,6.ipynb,171,11
2022-10-11T19:41:07.282+02:00,IdeState,Active,Editor,6.ipynb,175,26
2022-10-11T19:41:07.381+02:00,Action,EditorUnindentSelection,Editor,6.ipynb,175,26
2022-10-11T19:41:08.283+02:00,IdeState,Active,Editor,6.ipynb,175,55
2022-10-11T19:41:08.368+02:00,Action,SaveAll,Editor,6.ipynb,175,55
2022-10-11T19:41:08.901+02:00,Action,SaveAll,Editor,6.ipynb,174,41
2022-10-11T19:41:09.284+02:00,IdeState,Active,Editor,6.ipynb,174,41
2022-10-11T19:41:10.286+02:00,IdeState,Active,Editor,6.ipynb,174,41
2022-10-11T19:41:11.290+02:00,IdeState,Active,Editor,6.ipynb,174,41
2022-10-11T19:41:12.293+02:00,IdeState,Active,Editor,6.ipynb,174,41
2022-10-11T19:41:13.299+02:00,IdeState,Active,Editor,6.ipynb,174,41
2022-10-11T19:41:14.304+02:00,IdeState,Active,Editor,6.ipynb,190,15
2022-10-11T19:41:14.812+02:00,Action,EditorDown,Editor,6.ipynb,190,15
2022-10-11T19:41:14.979+02:00,Action,EditorDown,Editor,6.ipynb,191,15
2022-10-11T19:41:15.306+02:00,IdeState,Active,Editor,6.ipynb,192,15
2022-10-11T19:41:15.369+02:00,Action,EditorUp,Editor,6.ipynb,192,15
2022-10-11T19:41:15.563+02:00,Action,EditorUp,Editor,6.ipynb,191,15
2022-10-11T19:41:15.683+02:00,Action,EditorLeft,Editor,6.ipynb,190,15
2022-10-11T19:41:16.194+02:00,Action,EditorLeft,Editor,6.ipynb,190,14
2022-10-11T19:41:16.293+02:00,Action,EditorBackSpace,Editor,6.ipynb,190,13
2022-10-11T19:41:16.309+02:00,IdeState,Active,Editor,6.ipynb,190,12
2022-10-11T19:41:16.943+02:00,Action,SaveAll,Editor,6.ipynb,190,12
2022-10-11T19:41:17.311+02:00,IdeState,Active,Editor,6.ipynb,190,12
2022-10-11T19:41:18.315+02:00,IdeState,Active,Editor,6.ipynb,190,33
2022-10-11T19:41:19.322+02:00,IdeState,Active,Editor,6.ipynb,190,33
2022-10-11T19:41:20.324+02:00,IdeState,Active,Editor,6.ipynb,190,33
2022-10-11T19:41:21.324+02:00,IdeState,Active,Editor,6.ipynb,190,33
2022-10-11T19:41:22.325+02:00,IdeState,Active,Editor,6.ipynb,190,33
2022-10-11T19:41:23.327+02:00,IdeState,Active,Editor,6.ipynb,190,33
2022-10-11T19:41:24.328+02:00,IdeState,Active,Editor,6.ipynb,190,33
2022-10-11T19:41:25.333+02:00,IdeState,Active,Editor,6.ipynb,190,33
2022-10-11T19:41:26.337+02:00,IdeState,Active,Editor,6.ipynb,190,33
2022-10-11T19:41:27.342+02:00,IdeState,Active,Editor,6.ipynb,190,33
2022-10-11T19:41:28.347+02:00,IdeState,Active,Editor,6.ipynb,190,33
2022-10-11T19:41:29.350+02:00,IdeState,Active,Editor,6.ipynb,190,33
2022-10-11T19:41:30.355+02:00,IdeState,Active,Editor,6.ipynb,190,33
2022-10-11T19:41:31.356+02:00,IdeState,Active,Editor,6.ipynb,190,33
2022-10-11T19:41:32.044+02:00,Action,SaveAll,Editor,6.ipynb,197,32
2022-10-11T19:41:32.357+02:00,IdeState,Active,Editor,6.ipynb,197,32
2022-10-11T19:41:33.226+02:00,Action,org.jetbrains.research.ml.tasktracker.services.NextButtonAction,Editor,6.ipynb,197,32
2022-10-11T19:41:33.424+02:00,IdeState,Active,Editor,2.ipynb,1,0
2022-10-11T19:41:34.426+02:00,IdeState,Active,Editor,2.ipynb,1,0
2022-10-11T19:41:35.427+02:00,IdeState,Active,Editor,2.ipynb,1,0
2022-10-11T19:41:36.432+02:00,IdeState,Active,Editor,2.ipynb,1,0
2022-10-11T19:41:37.434+02:00,IdeState,Active,Editor,2.ipynb,1,0
2022-10-11T19:41:38.436+02:00,IdeState,Active,Editor,2.ipynb,1,0
2022-10-11T19:41:39.437+02:00,IdeState,Active,Editor,2.ipynb,8,0
2022-10-11T19:41:40.437+02:00,IdeState,Active,Editor,2.ipynb,8,4
2022-10-11T19:41:41.442+02:00,IdeState,Active,Editor,2.ipynb,8,5
2022-10-11T19:41:42.412+02:00,Action,EditorLeft,Editor,2.ipynb,8,7
2022-10-11T19:41:42.443+02:00,IdeState,Active,Editor,2.ipynb,8,6
2022-10-11T19:41:43.448+02:00,IdeState,Active,Editor,2.ipynb,8,11
2022-10-11T19:41:44.182+02:00,Action,EditorBackSpace,Editor,2.ipynb,8,14
2022-10-11T19:41:44.333+02:00,Action,EditorBackSpace,Editor,2.ipynb,8,13
2022-10-11T19:41:44.450+02:00,IdeState,Active,Editor,2.ipynb,8,12
2022-10-11T19:41:44.486+02:00,Action,EditorBackSpace,Editor,2.ipynb,8,12
2022-10-11T19:41:45.368+02:00,Action,EditorBackSpace,Editor,2.ipynb,8,14
2022-10-11T19:41:45.452+02:00,IdeState,Active,Editor,2.ipynb,8,13
2022-10-11T19:41:45.532+02:00,Action,EditorBackSpace,Editor,2.ipynb,8,13
2022-10-11T19:41:45.681+02:00,Action,EditorBackSpace,Editor,2.ipynb,8,12
2022-10-11T19:41:46.453+02:00,IdeState,Active,Editor,2.ipynb,8,13
2022-10-11T19:41:46.528+02:00,Action,EditorBackSpace,Editor,2.ipynb,8,13
2022-10-11T19:41:47.438+02:00,Action,EditorRight,Editor,2.ipynb,8,16
2022-10-11T19:41:47.456+02:00,IdeState,Active,Editor,2.ipynb,8,17
2022-10-11T19:41:48.215+02:00,Action,EditorEnter,Editor,2.ipynb,8,18
2022-10-11T19:41:48.460+02:00,IdeState,Active,Editor,2.ipynb,9,4
2022-10-11T19:41:49.466+02:00,IdeState,Active,Editor,2.ipynb,9,6
2022-10-11T19:41:50.466+02:00,IdeState,Active,Editor,2.ipynb,9,11
2022-10-11T19:41:51.470+02:00,IdeState,Active,Editor,2.ipynb,9,11
2022-10-11T19:41:51.908+02:00,Action,EditorBackSpace,Editor,2.ipynb,9,11
2022-10-11T19:41:52.475+02:00,IdeState,Active,Editor,2.ipynb,9,10
2022-10-11T19:41:53.480+02:00,IdeState,Active,Editor,2.ipynb,9,11
2022-10-11T19:41:53.582+02:00,Action,EditorBackSpace,Editor,2.ipynb,9,11
2022-10-11T19:41:54.063+02:00,Action,EditorEnter,Editor,2.ipynb,9,11
2022-10-11T19:41:54.481+02:00,IdeState,Active,Editor,2.ipynb,10,4
2022-10-11T19:41:55.486+02:00,IdeState,Active,Editor,2.ipynb,10,4
2022-10-11T19:41:56.488+02:00,IdeState,Active,Editor,2.ipynb,10,12
2022-10-11T19:41:57.202+02:00,Action,EditorBackSpace,Editor,2.ipynb,10,15
2022-10-11T19:41:57.366+02:00,Action,EditorBackSpace,Editor,2.ipynb,10,14
2022-10-11T19:41:57.491+02:00,IdeState,Active,Editor,2.ipynb,10,13
2022-10-11T19:41:57.533+02:00,Action,EditorBackSpace,Editor,2.ipynb,10,13
2022-10-11T19:41:58.495+02:00,IdeState,Active,Editor,2.ipynb,10,16
2022-10-11T19:41:59.000+02:00,Action,EditorBackSpace,Editor,2.ipynb,10,17
2022-10-11T19:41:59.497+02:00,IdeState,Active,Editor,2.ipynb,10,18
2022-10-11T19:41:59.839+02:00,Action,EditorLeft,Editor,2.ipynb,10,20
2022-10-11T19:42:00.502+02:00,IdeState,Active,Editor,2.ipynb,10,19
2022-10-11T19:42:01.506+02:00,IdeState,Active,Editor,2.ipynb,10,19
2022-10-11T19:42:02.511+02:00,IdeState,Active,Editor,1.ipynb,12,14
2022-10-11T19:42:03.514+02:00,IdeState,Active,Editor,2.ipynb,10,19
2022-10-11T19:42:04.516+02:00,IdeState,Active,Editor,2.ipynb,10,19
2022-10-11T19:42:05.520+02:00,IdeState,Active,Editor,2.ipynb,10,19
2022-10-11T19:42:06.522+02:00,IdeState,Active,Editor,2.ipynb,10,22
2022-10-11T19:42:07.335+02:00,Action,EditorBackSpace,Editor,2.ipynb,10,25
2022-10-11T19:42:07.523+02:00,IdeState,Active,Editor,2.ipynb,10,25
2022-10-11T19:42:07.623+02:00,Action,EditorRight,Editor,2.ipynb,10,25
2022-10-11T19:42:08.528+02:00,IdeState,Active,Editor,2.ipynb,10,26
2022-10-11T19:42:09.530+02:00,IdeState,Active,Editor,2.ipynb,10,26
2022-10-11T19:42:10.533+02:00,IdeState,Active,Editor,2.ipynb,10,26
2022-10-11T19:42:11.536+02:00,IdeState,Active,Editor,1.ipynb,12,14
2022-10-11T19:42:12.539+02:00,IdeState,Active,Editor,1.ipynb,12,14
2022-10-11T19:42:13.544+02:00,IdeState,Active,Editor,1.ipynb,12,14
2022-10-11T19:42:14.547+02:00,IdeState,Active,Editor,1.ipynb,12,14
2022-10-11T19:42:15.553+02:00,IdeState,Active,Editor,1.ipynb,12,14
2022-10-11T19:42:16.557+02:00,IdeState,Active,Editor,1.ipynb,12,14
2022-10-11T19:42:17.562+02:00,IdeState,Active,Editor,1.ipynb,12,14
2022-10-11T19:42:18.563+02:00,IdeState,Active,Editor,1.ipynb,12,14
2022-10-11T19:42:19.568+02:00,IdeState,Active,Editor,1.ipynb,12,14
2022-10-11T19:42:20.569+02:00,IdeState,Active,Editor,1.ipynb,12,14
2022-10-11T19:42:21.573+02:00,IdeState,Active,Editor,2.ipynb,10,26
2022-10-11T19:42:22.576+02:00,IdeState,Active,Editor,2.ipynb,10,26
2022-10-11T19:42:23.579+02:00,IdeState,Active,Editor,2.ipynb,10,9
2022-10-11T19:42:23.747+02:00,Action,EditorBackSpace,Editor,2.ipynb,10,9
2022-10-11T19:42:24.334+02:00,Action,EditorBackSpace,Editor,2.ipynb,10,9
2022-10-11T19:42:24.582+02:00,IdeState,Active,Editor,2.ipynb,10,9
2022-10-11T19:42:25.004+02:00,Action,EditorLineEnd,Editor,2.ipynb,10,9
2022-10-11T19:42:25.587+02:00,IdeState,Active,Editor,2.ipynb,10,27
2022-10-11T19:42:25.729+02:00,Action,EditorEnter,Editor,2.ipynb,10,27
2022-10-11T19:42:26.591+02:00,IdeState,Active,Editor,2.ipynb,11,8
2022-10-11T19:42:27.593+02:00,IdeState,Active,Editor,2.ipynb,11,12
2022-10-11T19:42:28.596+02:00,IdeState,Active,Editor,2.ipynb,11,15
2022-10-11T19:42:29.597+02:00,IdeState,Active,Editor,2.ipynb,11,15
2022-10-11T19:42:30.598+02:00,IdeState,Active,Editor,2.ipynb,11,17
2022-10-11T19:42:30.646+02:00,Action,EditorUp,Editor,2.ipynb,11,17
2022-10-11T19:42:30.802+02:00,Action,EditorUp,Editor,2.ipynb,10,17
2022-10-11T19:42:30.950+02:00,Action,EditorUp,Editor,2.ipynb,9,11
2022-10-11T19:42:31.305+02:00,Action,EditorLineStart,Editor,2.ipynb,8,17
2022-10-11T19:42:31.480+02:00,Action,EditorEnter,Editor,2.ipynb,8,0
2022-10-11T19:42:31.602+02:00,IdeState,Active,Editor,2.ipynb,9,0
2022-10-11T19:42:31.623+02:00,Action,EditorUp,Editor,2.ipynb,9,0
2022-10-11T19:42:31.785+02:00,Action,EditorUp,Editor,2.ipynb,8,0
2022-10-11T19:42:32.589+02:00,Action,EditorDown,Editor,2.ipynb,1,0
2022-10-11T19:42:32.602+02:00,IdeState,Active,Editor,2.ipynb,2,0
2022-10-11T19:42:32.742+02:00,Action,EditorDown,Editor,2.ipynb,2,0
2022-10-11T19:42:32.981+02:00,Action,EditorDown,Editor,2.ipynb,3,0
2022-10-11T19:42:33.606+02:00,IdeState,Active,Editor,2.ipynb,4,0
2022-10-11T19:42:34.611+02:00,IdeState,Active,Editor,2.ipynb,8,0
2022-10-11T19:42:35.503+02:00,Action,EditorBackSpace,Editor,2.ipynb,8,5
2022-10-11T19:42:35.614+02:00,IdeState,Active,Editor,2.ipynb,8,4
2022-10-11T19:42:35.656+02:00,Action,EditorBackSpace,Editor,2.ipynb,8,4
2022-10-11T19:42:36.054+02:00,Action,EditorBackSpace,Editor,2.ipynb,8,3
2022-10-11T19:42:36.617+02:00,IdeState,Active,Editor,2.ipynb,8,6
2022-10-11T19:42:37.621+02:00,IdeState,Active,Editor,2.ipynb,8,11
2022-10-11T19:42:37.865+02:00,Action,EditorEnter,Editor,2.ipynb,8,11
2022-10-11T19:42:38.363+02:00,Action,SaveAll,Editor,2.ipynb,9,0
2022-10-11T19:42:38.626+02:00,IdeState,Active,Editor,2.ipynb,9,0
2022-10-11T19:42:38.649+02:00,Action,EditorDown,Editor,2.ipynb,9,0
2022-10-11T19:42:38.814+02:00,Action,EditorDown,Editor,2.ipynb,10,0
2022-10-11T19:42:38.955+02:00,Action,EditorDown,Editor,2.ipynb,11,0
2022-10-11T19:42:39.616+02:00,Action,EditorLineEnd,Editor,2.ipynb,12,0
2022-10-11T19:42:39.630+02:00,IdeState,Active,Editor,2.ipynb,12,27
2022-10-11T19:42:39.997+02:00,Action,EditorDown,Editor,2.ipynb,12,27
2022-10-11T19:42:40.374+02:00,Action,EditorLeft,Editor,2.ipynb,13,17
2022-10-11T19:42:40.635+02:00,IdeState,Active,Editor,2.ipynb,13,16
2022-10-11T19:42:41.637+02:00,IdeState,Active,Editor,2.ipynb,13,16
2022-10-11T19:42:42.640+02:00,IdeState,Active,Editor,2.ipynb,13,16
2022-10-11T19:42:43.642+02:00,IdeState,Active,Editor,2.ipynb,13,20
2022-10-11T19:42:44.599+02:00,Action,EditorLeft,Editor,2.ipynb,13,22
2022-10-11T19:42:44.643+02:00,IdeState,Active,Editor,2.ipynb,13,21
2022-10-11T19:42:45.643+02:00,IdeState,Active,Editor,2.ipynb,13,22
2022-10-11T19:42:46.647+02:00,IdeState,Active,Editor,2.ipynb,13,24
2022-10-11T19:42:47.650+02:00,IdeState,Active,Editor,2.ipynb,13,27
2022-10-11T19:42:47.767+02:00,Action,EditorBackSpace,Editor,2.ipynb,13,27
2022-10-11T19:42:48.637+02:00,Action,EditorBackSpace,Editor,2.ipynb,13,28
2022-10-11T19:42:48.650+02:00,IdeState,Active,Editor,2.ipynb,13,27
2022-10-11T19:42:49.655+02:00,IdeState,Active,Editor,2.ipynb,13,27
2022-10-11T19:42:50.481+02:00,Action,EditorRight,Editor,2.ipynb,13,27
2022-10-11T19:42:50.656+02:00,IdeState,Active,Editor,2.ipynb,13,28
2022-10-11T19:42:51.657+02:00,IdeState,Active,Editor,2.ipynb,13,31
2022-10-11T19:42:52.662+02:00,IdeState,Active,Editor,2.ipynb,13,34
2022-10-11T19:42:53.664+02:00,IdeState,Active,Editor,2.ipynb,13,35
2022-10-11T19:42:54.670+02:00,IdeState,Active,Editor,2.ipynb,13,35
2022-10-11T19:42:55.674+02:00,IdeState,Active,Editor,2.ipynb,13,38
2022-10-11T19:42:56.676+02:00,IdeState,Active,Editor,2.ipynb,13,39
2022-10-11T19:42:57.558+02:00,Action,EditorBackSpace,Editor,2.ipynb,13,40
2022-10-11T19:42:57.677+02:00,IdeState,Active,Editor,2.ipynb,13,39
2022-10-11T19:42:57.933+02:00,Action,EditorLeft,Editor,2.ipynb,13,40
2022-10-11T19:42:58.082+02:00,Action,EditorLeft,Editor,2.ipynb,13,39
2022-10-11T19:42:58.214+02:00,Action,EditorLeft,Editor,2.ipynb,13,38
2022-10-11T19:42:58.347+02:00,Action,EditorLeft,Editor,2.ipynb,13,37
2022-10-11T19:42:58.481+02:00,Action,EditorLeft,Editor,2.ipynb,13,36
2022-10-11T19:42:58.681+02:00,IdeState,Active,Editor,2.ipynb,13,35
2022-10-11T19:42:59.267+02:00,Action,EditorLineEnd,Editor,2.ipynb,13,36
2022-10-11T19:42:59.432+02:00,Action,EditorLeft,Editor,2.ipynb,13,41
2022-10-11T19:42:59.683+02:00,IdeState,Active,Editor,2.ipynb,13,40
2022-10-11T19:43:00.072+02:00,Action,EditorRight,Editor,2.ipynb,13,41
2022-10-11T19:43:00.688+02:00,IdeState,Active,Editor,2.ipynb,13,42
2022-10-11T19:43:00.749+02:00,Action,EditorEnter,Editor,2.ipynb,13,42
2022-10-11T19:43:01.015+02:00,Action,EditorBackSpace,Editor,2.ipynb,14,8
2022-10-11T19:43:01.689+02:00,IdeState,Active,Editor,2.ipynb,14,4
2022-10-11T19:43:02.691+02:00,IdeState,Active,Editor,2.ipynb,14,4
2022-10-11T19:43:03.694+02:00,IdeState,Active,Editor,2.ipynb,14,12
2022-10-11T19:43:04.695+02:00,IdeState,Active,Editor,2.ipynb,14,18
