2022-10-11T19:42:50.009+02:00,IdeState,Inactive,,*,-1,-1
2022-10-11T19:42:51.437+02:00,IdeState,NoProject,,*,-1,-1
2022-10-11T19:42:55.394+02:00,IdeState,Active,Popup,*,-1,-1
2022-10-11T19:42:56.407+02:00,IdeState,Active,Project,*,-1,-1
2022-10-11T19:42:57.413+02:00,IdeState,Active,Dialog,*,-1,-1
2022-10-11T19:42:58.414+02:00,IdeState,Active,Dialog,*,-1,-1
2022-10-11T19:42:59.416+02:00,IdeState,Active,Project,*,-1,-1
2022-10-11T19:43:00.418+02:00,IdeState,Active,Project,*,-1,-1
2022-10-11T19:43:01.418+02:00,IdeState,Active,Dialog,*,-1,-1
2022-10-11T19:43:02.421+02:00,IdeState,Active,Dialog,*,-1,-1
2022-10-11T19:43:03.426+02:00,IdeState,Active,Dialog,*,-1,-1
2022-10-11T19:43:04.431+02:00,IdeState,Active,Project,*,-1,-1
2022-10-11T19:43:05.436+02:00,IdeState,Active,Project,*,-1,-1
2022-10-11T19:43:06.446+02:00,IdeState,Active,Project,*,-1,-1
2022-10-11T19:43:07.452+02:00,IdeState,Active,TaskTracker,*,-1,-1
2022-10-11T19:43:08.453+02:00,IdeState,Active,TaskTracker,*,-1,-1
2022-10-11T19:43:09.457+02:00,IdeState,Active,TaskTracker,*,-1,-1
2022-10-11T19:43:10.460+02:00,IdeState,Active,TaskTracker,*,-1,-1
2022-10-11T19:43:11.462+02:00,IdeState,Active,TaskTracker,*,-1,-1
2022-10-11T19:43:12.466+02:00,IdeState,Active,TaskTracker,*,-1,-1
2022-10-11T19:43:13.470+02:00,IdeState,Active,TaskTracker,*,-1,-1
2022-10-11T19:43:14.475+02:00,IdeState,Active,TaskTracker,*,-1,-1
2022-10-11T19:43:15.480+02:00,IdeState,Active,TaskTracker,*,-1,-1
2022-10-11T19:43:16.483+02:00,IdeState,Active,TaskTracker,*,-1,-1
2022-10-11T19:43:17.488+02:00,IdeState,Active,TaskTracker,*,-1,-1
2022-10-11T19:43:18.491+02:00,IdeState,Active,TaskTracker,*,-1,-1
2022-10-11T19:43:19.491+02:00,IdeState,Active,TaskTracker,*,-1,-1
2022-10-11T19:43:20.492+02:00,IdeState,Active,TaskTracker,*,-1,-1
2022-10-11T19:43:21.495+02:00,IdeState,Active,TaskTracker,*,-1,-1
2022-10-11T19:43:22.499+02:00,IdeState,Active,TaskTracker,*,-1,-1
2022-10-11T19:43:23.504+02:00,IdeState,Active,TaskTracker,*,-1,-1
2022-10-11T19:43:24.506+02:00,IdeState,Active,TaskTracker,*,-1,-1
2022-10-11T19:43:25.510+02:00,IdeState,Active,TaskTracker,*,-1,-1
2022-10-11T19:43:26.515+02:00,IdeState,Active,TaskTracker,*,-1,-1
2022-10-11T19:43:27.520+02:00,IdeState,Active,TaskTracker,*,-1,-1
2022-10-11T19:43:28.522+02:00,IdeState,Active,TaskTracker,*,-1,-1
2022-10-11T19:43:29.526+02:00,IdeState,Active,TaskTracker,*,-1,-1
2022-10-11T19:43:30.530+02:00,IdeState,Active,TaskTracker,*,-1,-1
2022-10-11T19:43:31.534+02:00,IdeState,Active,TaskTracker,*,-1,-1
2022-10-11T19:43:32.539+02:00,IdeState,Active,TaskTracker,*,-1,-1
2022-10-11T19:43:33.543+02:00,IdeState,Active,TaskTracker,*,-1,-1
2022-10-11T19:43:34.548+02:00,IdeState,Active,TaskTracker,*,-1,-1
2022-10-11T19:43:35.552+02:00,IdeState,Active,TaskTracker,*,-1,-1
2022-10-11T19:43:36.556+02:00,IdeState,Active,TaskTracker,*,-1,-1
2022-10-11T19:43:37.557+02:00,IdeState,Active,TaskTracker,*,-1,-1
2022-10-11T19:43:38.560+02:00,IdeState,Active,TaskTracker,*,-1,-1
2022-10-11T19:43:39.565+02:00,IdeState,Active,TaskTracker,*,-1,-1
2022-10-11T19:43:40.570+02:00,IdeState,Active,TaskTracker,*,-1,-1
2022-10-11T19:43:41.584+02:00,IdeState,Active,TaskTracker,*,-1,-1
2022-10-11T19:43:42.588+02:00,IdeState,Active,TaskTracker,*,-1,-1
2022-10-11T19:43:43.594+02:00,IdeState,Active,TaskTracker,*,-1,-1
2022-10-11T19:43:44.598+02:00,IdeState,Active,TaskTracker,*,-1,-1
2022-10-11T19:43:45.599+02:00,IdeState,Active,TaskTracker,*,-1,-1
2022-10-11T19:43:46.604+02:00,IdeState,Active,TaskTracker,*,-1,-1
2022-10-11T19:43:47.608+02:00,IdeState,Active,TaskTracker,*,-1,-1
2022-10-11T19:43:48.612+02:00,IdeState,Active,TaskTracker,*,-1,-1
2022-10-11T19:43:49.617+02:00,IdeState,Active,TaskTracker,*,-1,-1
2022-10-11T19:43:50.620+02:00,IdeState,Active,TaskTracker,*,-1,-1
2022-10-11T19:43:51.624+02:00,IdeState,Active,TaskTracker,*,-1,-1
2022-10-11T19:43:52.626+02:00,IdeState,Inactive,,*,-1,-1
2022-10-11T19:43:53.629+02:00,IdeState,Inactive,,*,-1,-1
2022-10-11T19:43:54.634+02:00,IdeState,Inactive,,*,-1,-1
2022-10-11T19:43:55.638+02:00,IdeState,Inactive,,*,-1,-1
2022-10-11T19:43:56.639+02:00,IdeState,Inactive,,*,-1,-1
2022-10-11T19:43:57.644+02:00,IdeState,Inactive,,*,-1,-1
2022-10-11T19:43:58.648+02:00,IdeState,Inactive,,*,-1,-1
2022-10-11T19:43:59.653+02:00,IdeState,Inactive,,*,-1,-1
2022-10-11T19:44:00.654+02:00,IdeState,Inactive,,*,-1,-1
2022-10-11T19:44:01.658+02:00,IdeState,Inactive,,*,-1,-1
2022-10-11T19:44:02.663+02:00,IdeState,Inactive,,*,-1,-1
2022-10-11T19:44:03.667+02:00,IdeState,Inactive,,*,-1,-1
2022-10-11T19:44:04.669+02:00,IdeState,Inactive,,*,-1,-1
2022-10-11T19:44:05.674+02:00,IdeState,Inactive,,*,-1,-1
2022-10-11T19:44:06.676+02:00,IdeState,Inactive,,*,-1,-1
2022-10-11T19:44:07.681+02:00,IdeState,Inactive,,*,-1,-1
2022-10-11T19:44:08.681+02:00,IdeState,Inactive,,*,-1,-1
2022-10-11T19:44:09.686+02:00,IdeState,Inactive,,*,-1,-1
2022-10-11T19:44:10.689+02:00,IdeState,Inactive,,*,-1,-1
2022-10-11T19:44:11.692+02:00,IdeState,Inactive,,*,-1,-1
2022-10-11T19:44:12.692+02:00,IdeState,Inactive,,*,-1,-1
2022-10-11T19:44:13.695+02:00,IdeState,Active,TaskTracker,*,-1,-1
2022-10-11T19:44:14.700+02:00,IdeState,Active,TaskTracker,*,-1,-1
2022-10-11T19:44:15.705+02:00,IdeState,Active,TaskTracker,*,-1,-1
2022-10-11T19:44:16.706+02:00,IdeState,Active,TaskTracker,*,-1,-1
2022-10-11T19:44:17.711+02:00,IdeState,Active,TaskTracker,*,-1,-1
2022-10-11T19:44:18.715+02:00,IdeState,Active,TaskTracker,*,-1,-1
2022-10-11T19:44:19.719+02:00,IdeState,Active,TaskTracker,*,-1,-1
2022-10-11T19:44:20.720+02:00,IdeState,Active,TaskTracker,*,-1,-1
2022-10-11T19:44:21.722+02:00,IdeState,Active,TaskTracker,*,-1,-1
2022-10-11T19:44:22.726+02:00,IdeState,Active,TaskTracker,*,-1,-1
2022-10-11T19:44:23.729+02:00,IdeState,Active,TaskTracker,*,-1,-1
2022-10-11T19:44:24.730+02:00,IdeState,Active,TaskTracker,*,-1,-1
2022-10-11T19:44:25.734+02:00,IdeState,Active,TaskTracker,*,-1,-1
2022-10-11T19:44:26.736+02:00,IdeState,Active,TaskTracker,*,-1,-1
2022-10-11T19:44:27.737+02:00,IdeState,Active,TaskTracker,*,-1,-1
2022-10-11T19:44:28.740+02:00,IdeState,Active,TaskTracker,*,-1,-1
2022-10-11T19:44:29.744+02:00,IdeState,Active,TaskTracker,*,-1,-1
2022-10-11T19:44:30.748+02:00,IdeState,Active,TaskTracker,*,-1,-1
2022-10-11T19:44:31.753+02:00,IdeState,Active,TaskTracker,*,-1,-1
2022-10-11T19:44:32.756+02:00,IdeState,Active,TaskTracker,*,-1,-1
2022-10-11T19:44:33.761+02:00,IdeState,Active,TaskTracker,*,-1,-1
2022-10-11T19:44:34.761+02:00,IdeState,Active,TaskTracker,*,-1,-1
2022-10-11T19:44:35.765+02:00,IdeState,Active,TaskTracker,*,-1,-1
2022-10-11T19:44:36.770+02:00,IdeState,Active,TaskTracker,*,-1,-1
2022-10-11T19:44:37.774+02:00,IdeState,Active,TaskTracker,*,-1,-1
2022-10-11T19:44:38.777+02:00,IdeState,Active,TaskTracker,*,-1,-1
2022-10-11T19:44:39.780+02:00,IdeState,Active,TaskTracker,*,-1,-1
2022-10-11T19:44:40.784+02:00,IdeState,Active,TaskTracker,*,-1,-1
2022-10-11T19:44:41.787+02:00,IdeState,Active,TaskTracker,*,-1,-1
2022-10-11T19:44:42.790+02:00,IdeState,Active,TaskTracker,*,-1,-1
2022-10-11T19:44:43.793+02:00,IdeState,Active,TaskTracker,*,-1,-1
2022-10-11T19:44:44.798+02:00,IdeState,Active,TaskTracker,*,-1,-1
2022-10-11T19:44:45.802+02:00,IdeState,Active,TaskTracker,*,-1,-1
2022-10-11T19:44:46.807+02:00,IdeState,Active,TaskTracker,*,-1,-1
2022-10-11T19:44:47.811+02:00,IdeState,Active,TaskTracker,*,-1,-1
2022-10-11T19:44:48.812+02:00,IdeState,Active,TaskTracker,*,-1,-1
2022-10-11T19:44:49.814+02:00,IdeState,Active,TaskTracker,*,-1,-1
2022-10-11T19:44:50.819+02:00,IdeState,Active,TaskTracker,*,-1,-1
2022-10-11T19:44:51.823+02:00,IdeState,Active,TaskTracker,*,-1,-1
2022-10-11T19:44:52.824+02:00,IdeState,Active,TaskTracker,*,-1,-1
2022-10-11T19:44:53.824+02:00,IdeState,Active,TaskTracker,*,-1,-1
2022-10-11T19:44:54.827+02:00,IdeState,Active,TaskTracker,*,-1,-1
2022-10-11T19:44:55.829+02:00,IdeState,Active,TaskTracker,*,-1,-1
2022-10-11T19:44:56.830+02:00,IdeState,Active,TaskTracker,*,-1,-1
2022-10-11T19:44:57.833+02:00,IdeState,Active,TaskTracker,*,-1,-1
2022-10-11T19:44:58.833+02:00,IdeState,Active,TaskTracker,*,-1,-1
2022-10-11T19:44:59.834+02:00,IdeState,Active,TaskTracker,*,-1,-1
2022-10-11T19:45:00.836+02:00,IdeState,Active,TaskTracker,*,-1,-1
2022-10-11T19:45:01.837+02:00,IdeState,Active,TaskTracker,*,-1,-1
2022-10-11T19:45:02.839+02:00,IdeState,Active,TaskTracker,*,-1,-1
2022-10-11T19:45:03.843+02:00,IdeState,Active,TaskTracker,*,-1,-1
2022-10-11T19:45:04.844+02:00,IdeState,Active,TaskTracker,*,-1,-1
2022-10-11T19:45:05.849+02:00,IdeState,Active,TaskTracker,*,-1,-1
2022-10-11T19:45:06.852+02:00,IdeState,Active,TaskTracker,*,-1,-1
2022-10-11T19:45:07.853+02:00,IdeState,Active,TaskTracker,*,-1,-1
2022-10-11T19:45:08.857+02:00,IdeState,Active,TaskTracker,*,-1,-1
2022-10-11T19:45:09.857+02:00,IdeState,Active,TaskTracker,*,-1,-1
2022-10-11T19:45:10.857+02:00,IdeState,Active,TaskTracker,*,-1,-1
2022-10-11T19:45:11.858+02:00,IdeState,Active,TaskTracker,*,-1,-1
2022-10-11T19:45:12.862+02:00,IdeState,Active,TaskTracker,*,-1,-1
2022-10-11T19:45:13.864+02:00,IdeState,Active,TaskTracker,*,-1,-1
2022-10-11T19:45:14.868+02:00,IdeState,Active,TaskTracker,*,-1,-1
2022-10-11T19:45:15.873+02:00,IdeState,Active,TaskTracker,*,-1,-1
2022-10-11T19:45:16.874+02:00,IdeState,Active,TaskTracker,*,-1,-1
2022-10-11T19:45:17.876+02:00,IdeState,Active,TaskTracker,*,-1,-1
2022-10-11T19:45:18.876+02:00,IdeState,Active,TaskTracker,*,-1,-1
2022-10-11T19:45:19.900+02:00,IdeState,Active,TaskTracker,*,-1,-1
2022-10-11T19:45:20.901+02:00,IdeState,Active,TaskTracker,*,-1,-1
2022-10-11T19:45:21.904+02:00,IdeState,Active,TaskTracker,*,-1,-1
2022-10-11T19:45:22.906+02:00,IdeState,Active,TaskTracker,*,-1,-1
2022-10-11T19:45:23.908+02:00,IdeState,Active,TaskTracker,*,-1,-1
2022-10-11T19:45:24.908+02:00,IdeState,Active,TaskTracker,*,-1,-1
2022-10-11T19:45:25.908+02:00,IdeState,Active,TaskTracker,*,-1,-1
2022-10-11T19:45:26.909+02:00,IdeState,Active,TaskTracker,*,-1,-1
2022-10-11T19:45:27.912+02:00,IdeState,Active,TaskTracker,*,-1,-1
2022-10-11T19:45:28.917+02:00,IdeState,Active,TaskTracker,*,-1,-1
2022-10-11T19:45:29.922+02:00,IdeState,Active,TaskTracker,*,-1,-1
2022-10-11T19:45:30.924+02:00,IdeState,Active,TaskTracker,*,-1,-1
2022-10-11T19:45:31.928+02:00,IdeState,Active,TaskTracker,*,-1,-1
2022-10-11T19:45:32.932+02:00,IdeState,Active,TaskTracker,*,-1,-1
2022-10-11T19:45:33.937+02:00,IdeState,Active,TaskTracker,*,-1,-1
2022-10-11T19:45:34.940+02:00,IdeState,Active,TaskTracker,*,-1,-1
2022-10-11T19:45:35.941+02:00,IdeState,Active,TaskTracker,*,-1,-1
2022-10-11T19:45:36.944+02:00,IdeState,Active,TaskTracker,*,-1,-1
2022-10-11T19:45:37.948+02:00,IdeState,Active,TaskTracker,*,-1,-1
2022-10-11T19:45:38.949+02:00,IdeState,Active,TaskTracker,*,-1,-1
2022-10-11T19:45:39.950+02:00,IdeState,Active,TaskTracker,*,-1,-1
2022-10-11T19:45:40.952+02:00,IdeState,Active,TaskTracker,*,-1,-1
2022-10-11T19:45:41.957+02:00,IdeState,Active,TaskTracker,*,-1,-1
2022-10-11T19:45:42.960+02:00,IdeState,Active,TaskTracker,*,-1,-1
2022-10-11T19:45:43.961+02:00,IdeState,Active,TaskTracker,*,-1,-1
2022-10-11T19:45:44.961+02:00,IdeState,Active,TaskTracker,*,-1,-1
2022-10-11T19:45:45.966+02:00,IdeState,Active,TaskTracker,*,-1,-1
2022-10-11T19:45:46.970+02:00,IdeState,Active,TaskTracker,*,-1,-1
2022-10-11T19:45:47.973+02:00,IdeState,Active,TaskTracker,*,-1,-1
2022-10-11T19:45:48.977+02:00,IdeState,Active,TaskTracker,*,-1,-1
2022-10-11T19:45:49.981+02:00,IdeState,Active,TaskTracker,*,-1,-1
2022-10-11T19:45:50.986+02:00,IdeState,Active,TaskTracker,*,-1,-1
2022-10-11T19:45:51.990+02:00,IdeState,Active,TaskTracker,*,-1,-1
2022-10-11T19:45:52.992+02:00,IdeState,Active,TaskTracker,*,-1,-1
2022-10-11T19:45:53.996+02:00,IdeState,Active,TaskTracker,*,-1,-1
2022-10-11T19:45:54.999+02:00,IdeState,Active,TaskTracker,*,-1,-1
2022-10-11T19:45:56.002+02:00,IdeState,Active,TaskTracker,*,-1,-1
2022-10-11T19:45:57.004+02:00,IdeState,Active,TaskTracker,*,-1,-1
2022-10-11T19:45:58.009+02:00,IdeState,Active,TaskTracker,*,-1,-1
2022-10-11T19:45:59.013+02:00,IdeState,Active,TaskTracker,*,-1,-1
2022-10-11T19:46:00.015+02:00,IdeState,Active,TaskTracker,*,-1,-1
2022-10-11T19:46:01.020+02:00,IdeState,Active,TaskTracker,*,-1,-1
2022-10-11T19:46:02.024+02:00,IdeState,Active,TaskTracker,*,-1,-1
2022-10-11T19:46:03.029+02:00,IdeState,Active,TaskTracker,*,-1,-1
2022-10-11T19:46:04.029+02:00,IdeState,Active,TaskTracker,*,-1,-1
2022-10-11T19:46:05.033+02:00,IdeState,Active,TaskTracker,*,-1,-1
2022-10-11T19:46:06.037+02:00,IdeState,Active,TaskTracker,*,-1,-1
2022-10-11T19:46:07.042+02:00,IdeState,Active,TaskTracker,*,-1,-1
2022-10-11T19:46:08.045+02:00,IdeState,Active,TaskTracker,*,-1,-1
2022-10-11T19:46:09.050+02:00,IdeState,Active,TaskTracker,*,-1,-1
2022-10-11T19:46:10.055+02:00,IdeState,Active,TaskTracker,*,-1,-1
2022-10-11T19:46:11.059+02:00,IdeState,Active,TaskTracker,*,-1,-1
2022-10-11T19:46:12.062+02:00,IdeState,Active,TaskTracker,*,-1,-1
2022-10-11T19:46:13.066+02:00,IdeState,Active,TaskTracker,*,-1,-1
2022-10-11T19:46:14.071+02:00,IdeState,Active,TaskTracker,*,-1,-1
2022-10-11T19:46:15.075+02:00,IdeState,Active,TaskTracker,*,-1,-1
2022-10-11T19:46:16.078+02:00,IdeState,Active,TaskTracker,*,-1,-1
2022-10-11T19:46:17.081+02:00,IdeState,Active,TaskTracker,*,-1,-1
2022-10-11T19:46:18.082+02:00,IdeState,Active,TaskTracker,*,-1,-1
2022-10-11T19:46:19.086+02:00,IdeState,Active,TaskTracker,*,-1,-1
2022-10-11T19:46:20.091+02:00,IdeState,Active,TaskTracker,*,-1,-1
2022-10-11T19:46:21.094+02:00,IdeState,Active,TaskTracker,*,-1,-1
2022-10-11T19:46:22.096+02:00,IdeState,Active,TaskTracker,*,-1,-1
2022-10-11T19:46:23.100+02:00,IdeState,Active,TaskTracker,*,-1,-1
2022-10-11T19:46:24.104+02:00,IdeState,Active,TaskTracker,*,-1,-1
2022-10-11T19:46:25.108+02:00,IdeState,Active,TaskTracker,*,-1,-1
2022-10-11T19:46:26.112+02:00,IdeState,Active,TaskTracker,*,-1,-1
2022-10-11T19:46:27.115+02:00,IdeState,Active,TaskTracker,*,-1,-1
2022-10-11T19:46:28.118+02:00,IdeState,Active,TaskTracker,*,-1,-1
2022-10-11T19:46:29.122+02:00,IdeState,Active,TaskTracker,*,-1,-1
2022-10-11T19:46:30.124+02:00,IdeState,Active,TaskTracker,*,-1,-1
2022-10-11T19:46:31.127+02:00,IdeState,Active,TaskTracker,*,-1,-1
2022-10-11T19:46:32.132+02:00,IdeState,Active,TaskTracker,*,-1,-1
2022-10-11T19:46:33.135+02:00,IdeState,Active,TaskTracker,*,-1,-1
2022-10-11T19:46:34.138+02:00,IdeState,Active,TaskTracker,*,-1,-1
2022-10-11T19:46:35.143+02:00,IdeState,Active,TaskTracker,*,-1,-1
2022-10-11T19:46:36.147+02:00,IdeState,Active,TaskTracker,*,-1,-1
2022-10-11T19:46:37.149+02:00,IdeState,Active,TaskTracker,*,-1,-1
2022-10-11T19:46:38.153+02:00,IdeState,Active,TaskTracker,*,-1,-1
2022-10-11T19:46:39.158+02:00,IdeState,Active,TaskTracker,*,-1,-1
2022-10-11T19:46:40.159+02:00,IdeState,Active,TaskTracker,*,-1,-1
2022-10-11T19:46:41.163+02:00,IdeState,Active,TaskTracker,*,-1,-1
2022-10-11T19:46:42.166+02:00,IdeState,Active,TaskTracker,*,-1,-1
2022-10-11T19:46:43.168+02:00,IdeState,Active,TaskTracker,*,-1,-1
2022-10-11T19:46:44.168+02:00,IdeState,Active,TaskTracker,*,-1,-1
2022-10-11T19:46:45.173+02:00,IdeState,Active,TaskTracker,*,-1,-1
2022-10-11T19:46:46.176+02:00,IdeState,Active,TaskTracker,*,-1,-1
2022-10-11T19:46:47.181+02:00,IdeState,Active,TaskTracker,*,-1,-1
2022-10-11T19:46:48.181+02:00,IdeState,Active,TaskTracker,*,-1,-1
2022-10-11T19:46:49.186+02:00,IdeState,Active,TaskTracker,*,-1,-1
2022-10-11T19:46:50.191+02:00,IdeState,Active,TaskTracker,*,-1,-1
2022-10-11T19:46:52.562+02:00,IdeState,Active,Editor,1.ipynb,0,0
2022-10-11T19:46:54.014+02:00,IdeState,Active,Editor,1.ipynb,1,0
2022-10-11T19:46:55.095+02:00,IdeState,Active,Editor,1.ipynb,1,0
2022-10-11T19:46:56.098+02:00,IdeState,Active,Editor,1.ipynb,1,0
2022-10-11T19:46:57.098+02:00,IdeState,Active,Editor,1.ipynb,1,0
2022-10-11T19:46:58.176+02:00,IdeState,Active,Editor,1.ipynb,1,0
2022-10-11T19:46:59.177+02:00,IdeState,Active,Editor,1.ipynb,1,0
2022-10-11T19:47:00.179+02:00,IdeState,Active,Editor,1.ipynb,1,0
2022-10-11T19:47:01.181+02:00,IdeState,Active,Editor,1.ipynb,1,0
2022-10-11T19:47:02.183+02:00,IdeState,Active,Editor,1.ipynb,1,0
2022-10-11T19:47:03.185+02:00,IdeState,Active,Editor,1.ipynb,1,0
2022-10-11T19:47:04.187+02:00,IdeState,Active,Editor,1.ipynb,1,0
2022-10-11T19:47:05.188+02:00,IdeState,Active,Editor,1.ipynb,1,0
2022-10-11T19:47:06.189+02:00,IdeState,Active,Editor,1.ipynb,1,0
2022-10-11T19:47:07.189+02:00,IdeState,Active,Editor,1.ipynb,1,0
2022-10-11T19:47:08.192+02:00,IdeState,Active,Editor,1.ipynb,1,0
2022-10-11T19:47:09.196+02:00,IdeState,Active,Editor,1.ipynb,1,0
2022-10-11T19:47:10.198+02:00,IdeState,Active,Editor,1.ipynb,1,0
2022-10-11T19:47:11.202+02:00,IdeState,Active,Editor,1.ipynb,1,0
2022-10-11T19:47:12.206+02:00,IdeState,Active,Editor,1.ipynb,1,0
2022-10-11T19:47:13.211+02:00,IdeState,Active,Editor,1.ipynb,1,0
2022-10-11T19:47:14.214+02:00,IdeState,Active,Editor,1.ipynb,1,0
2022-10-11T19:47:15.218+02:00,IdeState,Active,Editor,1.ipynb,1,0
2022-10-11T19:47:16.219+02:00,IdeState,Active,Editor,1.ipynb,1,0
2022-10-11T19:47:17.220+02:00,IdeState,Active,Editor,1.ipynb,1,0
2022-10-11T19:47:18.224+02:00,IdeState,Active,Editor,1.ipynb,1,0
2022-10-11T19:47:19.230+02:00,IdeState,Active,Editor,1.ipynb,1,0
2022-10-11T19:47:20.233+02:00,IdeState,Active,Editor,1.ipynb,1,0
2022-10-11T19:47:21.233+02:00,IdeState,Active,Editor,1.ipynb,1,0
2022-10-11T19:47:22.237+02:00,IdeState,Active,Editor,1.ipynb,1,0
2022-10-11T19:47:23.241+02:00,IdeState,Active,Editor,1.ipynb,1,0
2022-10-11T19:47:24.246+02:00,IdeState,Active,Editor,1.ipynb,1,0
2022-10-11T19:47:25.250+02:00,IdeState,Active,Editor,1.ipynb,1,0
2022-10-11T19:47:26.254+02:00,IdeState,Active,Editor,1.ipynb,8,0
2022-10-11T19:47:27.259+02:00,IdeState,Active,Editor,1.ipynb,8,0
2022-10-11T19:47:28.262+02:00,IdeState,Active,Editor,1.ipynb,8,0
2022-10-11T19:47:29.266+02:00,IdeState,Active,Editor,1.ipynb,8,0
2022-10-11T19:47:30.271+02:00,IdeState,Active,Editor,1.ipynb,8,0
2022-10-11T19:47:31.037+02:00,Action,EditorBackSpace,Editor,1.ipynb,8,0
2022-10-11T19:47:31.273+02:00,IdeState,Active,Editor,1.ipynb,8,0
2022-10-11T19:47:32.275+02:00,IdeState,Active,Editor,1.ipynb,8,0
2022-10-11T19:47:33.278+02:00,IdeState,Active,Editor,1.ipynb,8,0
2022-10-11T19:47:34.284+02:00,IdeState,Active,Editor,1.ipynb,8,0
2022-10-11T19:47:34.904+02:00,Action,EditorRight,Editor,1.ipynb,8,0
2022-10-11T19:47:35.286+02:00,IdeState,Active,Editor,1.ipynb,8,0
2022-10-11T19:47:36.287+02:00,IdeState,Active,Editor,1.ipynb,8,0
2022-10-11T19:47:37.292+02:00,IdeState,Active,Editor,1.ipynb,8,0
2022-10-11T19:47:38.297+02:00,IdeState,Active,Editor,1.ipynb,8,0
2022-10-11T19:47:39.300+02:00,IdeState,Active,Editor,1.ipynb,8,0
2022-10-11T19:47:40.305+02:00,IdeState,Active,Editor,1.ipynb,8,0
2022-10-11T19:47:41.309+02:00,IdeState,Active,Editor,1.ipynb,8,0
2022-10-11T19:47:42.314+02:00,IdeState,Active,Editor,1.ipynb,8,0
2022-10-11T19:47:43.317+02:00,IdeState,Active,Editor,1.ipynb,8,0
2022-10-11T19:47:44.323+02:00,IdeState,Active,Editor,1.ipynb,8,0
2022-10-11T19:47:45.328+02:00,IdeState,Active,Editor,1.ipynb,8,0
2022-10-11T19:47:46.333+02:00,IdeState,Active,Editor,1.ipynb,8,0
2022-10-11T19:47:47.333+02:00,IdeState,Active,Editor,1.ipynb,8,0
2022-10-11T19:47:48.335+02:00,IdeState,Active,Editor,1.ipynb,8,0
2022-10-11T19:47:49.339+02:00,IdeState,Active,Editor,1.ipynb,8,0
2022-10-11T19:47:50.339+02:00,IdeState,Active,Editor,1.ipynb,8,0
2022-10-11T19:47:51.344+02:00,IdeState,Active,Editor,1.ipynb,8,0
2022-10-11T19:47:52.349+02:00,IdeState,Active,Editor,1.ipynb,8,0
2022-10-11T19:47:53.354+02:00,IdeState,Active,Editor,1.ipynb,8,0
2022-10-11T19:47:54.359+02:00,IdeState,Active,Editor,1.ipynb,8,0
2022-10-11T19:47:55.363+02:00,IdeState,Active,Editor,1.ipynb,8,0
2022-10-11T19:47:56.366+02:00,IdeState,Active,Editor,1.ipynb,8,0
2022-10-11T19:47:56.860+02:00,Action,EditorBackSpace,Editor,1.ipynb,8,0
2022-10-11T19:47:56.981+02:00,Action,EditorBackSpace,Editor,1.ipynb,8,0
2022-10-11T19:47:57.369+02:00,IdeState,Active,Editor,1.ipynb,8,0
2022-10-11T19:47:57.746+02:00,Action,EditorRight,Editor,1.ipynb,8,0
2022-10-11T19:47:58.371+02:00,IdeState,Active,Editor,1.ipynb,8,0
2022-10-11T19:47:59.375+02:00,IdeState,Active,Editor,1.ipynb,8,0
2022-10-11T19:48:00.379+02:00,IdeState,Active,Editor,1.ipynb,8,0
2022-10-11T19:48:01.385+02:00,IdeState,Active,Editor,1.ipynb,8,0
2022-10-11T19:48:02.389+02:00,IdeState,Active,Editor,1.ipynb,8,0
2022-10-11T19:48:03.394+02:00,IdeState,Active,Editor,1.ipynb,8,0
2022-10-11T19:48:04.399+02:00,IdeState,Active,Editor,1.ipynb,8,0
2022-10-11T19:48:05.404+02:00,IdeState,Active,Editor,1.ipynb,8,0
2022-10-11T19:48:06.410+02:00,IdeState,Active,Editor,1.ipynb,8,0
2022-10-11T19:48:07.413+02:00,IdeState,Active,Editor,1.ipynb,8,0
2022-10-11T19:48:08.413+02:00,IdeState,Active,Editor,1.ipynb,8,0
2022-10-11T19:48:09.416+02:00,IdeState,Active,Editor,1.ipynb,8,0
2022-10-11T19:48:10.421+02:00,IdeState,Active,Editor,1.ipynb,8,3
2022-10-11T19:48:10.843+02:00,Action,EditorBackSpace,Editor,1.ipynb,8,4
2022-10-11T19:48:10.961+02:00,Action,EditorBackSpace,Editor,1.ipynb,8,3
2022-10-11T19:48:11.091+02:00,Action,EditorBackSpace,Editor,1.ipynb,8,2
2022-10-11T19:48:11.204+02:00,Action,EditorBackSpace,Editor,1.ipynb,8,1
2022-10-11T19:48:11.421+02:00,IdeState,Active,Editor,1.ipynb,8,0
2022-10-11T19:48:12.422+02:00,IdeState,Active,Editor,1.ipynb,8,5
2022-10-11T19:48:13.422+02:00,IdeState,Active,Editor,1.ipynb,8,11
2022-10-11T19:48:14.427+02:00,IdeState,Active,Editor,1.ipynb,8,16
2022-10-11T19:48:15.173+02:00,Action,EditorBackSpace,Editor,1.ipynb,8,17
2022-10-11T19:48:15.427+02:00,IdeState,Active,Editor,1.ipynb,8,17
2022-10-11T19:48:15.592+02:00,Action,EditorBackSpace,Editor,1.ipynb,8,17
2022-10-11T19:48:15.693+02:00,Action,EditorBackSpace,Editor,1.ipynb,8,16
2022-10-11T19:48:15.898+02:00,Action,EditorRight,Editor,1.ipynb,8,16
2022-10-11T19:48:16.431+02:00,IdeState,Active,Editor,1.ipynb,8,18
2022-10-11T19:48:16.651+02:00,Action,EditorEnter,Editor,1.ipynb,8,18
2022-10-11T19:48:17.434+02:00,IdeState,Active,Editor,1.ipynb,9,4
2022-10-11T19:48:18.438+02:00,IdeState,Active,Editor,1.ipynb,9,4
2022-10-11T19:48:19.441+02:00,IdeState,Active,Editor,1.ipynb,9,4
2022-10-11T19:48:20.446+02:00,IdeState,Active,Editor,1.ipynb,9,4
2022-10-11T19:48:21.450+02:00,IdeState,Active,Editor,1.ipynb,9,4
2022-10-11T19:48:21.878+02:00,Action,EditorBackSpace,Editor,1.ipynb,9,4
2022-10-11T19:48:22.043+02:00,Action,EditorBackSpace,Editor,1.ipynb,9,0
2022-10-11T19:48:22.220+02:00,Action,EditorBackSpace,Editor,1.ipynb,8,18
2022-10-11T19:48:22.450+02:00,Action,EditorBackSpace,Editor,1.ipynb,8,17
2022-10-11T19:48:22.456+02:00,IdeState,Active,Editor,1.ipynb,8,16
2022-10-11T19:48:22.651+02:00,Action,EditorBackSpace,Editor,1.ipynb,8,16
2022-10-11T19:48:22.786+02:00,Action,EditorBackSpace,Editor,1.ipynb,8,15
2022-10-11T19:48:22.915+02:00,Action,EditorBackSpace,Editor,1.ipynb,8,14
2022-10-11T19:48:23.457+02:00,IdeState,Active,Editor,1.ipynb,8,14
2022-10-11T19:48:24.167+02:00,Action,EditorEnter,Editor,1.ipynb,8,15
2022-10-11T19:48:24.460+02:00,IdeState,Active,Editor,1.ipynb,9,4
2022-10-11T19:48:25.461+02:00,IdeState,Active,Editor,1.ipynb,9,8
2022-10-11T19:48:26.466+02:00,IdeState,Active,Editor,1.ipynb,9,8
2022-10-11T19:48:27.471+02:00,IdeState,Active,Editor,1.ipynb,9,8
2022-10-11T19:48:28.476+02:00,IdeState,Active,Editor,1.ipynb,9,9
2022-10-11T19:48:29.480+02:00,IdeState,Active,Editor,1.ipynb,9,13
2022-10-11T19:48:30.480+02:00,IdeState,Active,Editor,1.ipynb,9,19
2022-10-11T19:48:31.376+02:00,Action,EditorRight,Editor,1.ipynb,9,25
2022-10-11T19:48:31.482+02:00,IdeState,Active,Editor,1.ipynb,9,26
2022-10-11T19:48:31.730+02:00,Action,EditorEnter,Editor,1.ipynb,9,27
2022-10-11T19:48:32.483+02:00,IdeState,Active,Editor,1.ipynb,10,8
2022-10-11T19:48:33.488+02:00,IdeState,Active,Editor,1.ipynb,10,8
2022-10-11T19:48:34.493+02:00,IdeState,Active,Editor,1.ipynb,10,8
2022-10-11T19:48:35.498+02:00,IdeState,Active,Editor,1.ipynb,10,8
2022-10-11T19:48:36.506+02:00,IdeState,Active,Editor,1.ipynb,10,13
2022-10-11T19:48:37.506+02:00,IdeState,Active,Editor,1.ipynb,10,15
2022-10-11T19:48:38.081+02:00,Action,EditorRight,Editor,1.ipynb,10,15
2022-10-11T19:48:38.507+02:00,IdeState,Active,Editor,1.ipynb,10,16
2022-10-11T19:48:39.338+02:00,Action,EditorBackSpace,Editor,1.ipynb,10,17
2022-10-11T19:48:39.508+02:00,IdeState,Active,Editor,1.ipynb,10,16
2022-10-11T19:48:40.486+02:00,Action,EditorEscape,Editor,1.ipynb,10,18
2022-10-11T19:48:40.508+02:00,IdeState,Active,Editor,1.ipynb,10,18
2022-10-11T19:48:40.835+02:00,Action,EditorUp,Editor,1.ipynb,10,18
2022-10-11T19:48:41.002+02:00,Action,EditorUp,Editor,1.ipynb,9,18
2022-10-11T19:48:41.355+02:00,Action,EditorEnter,Editor,1.ipynb,8,15
2022-10-11T19:48:41.513+02:00,IdeState,Active,Editor,1.ipynb,9,4
2022-10-11T19:48:42.517+02:00,IdeState,Active,Editor,1.ipynb,9,9
2022-10-11T19:48:43.521+02:00,IdeState,Active,Editor,1.ipynb,9,12
2022-10-11T19:48:44.525+02:00,IdeState,Active,Editor,1.ipynb,11,18
2022-10-11T19:48:44.864+02:00,Action,EditorLineStart,Editor,1.ipynb,11,18
2022-10-11T19:48:45.526+02:00,IdeState,Active,Editor,1.ipynb,11,12
2022-10-11T19:48:46.069+02:00,Action,EditorLineEnd,Editor,1.ipynb,11,15
2022-10-11T19:48:46.530+02:00,IdeState,Active,Editor,1.ipynb,11,25
2022-10-11T19:48:47.535+02:00,IdeState,Active,Editor,1.ipynb,11,25
2022-10-11T19:48:47.698+02:00,Action,EditorLeft,Editor,1.ipynb,11,25
2022-10-11T19:48:47.862+02:00,Action,EditorLeft,Editor,1.ipynb,11,24
2022-10-11T19:48:48.004+02:00,Action,EditorLeft,Editor,1.ipynb,11,23
2022-10-11T19:48:48.122+02:00,Action,EditorLeft,Editor,1.ipynb,11,22
2022-10-11T19:48:48.536+02:00,IdeState,Active,Editor,1.ipynb,11,23
2022-10-11T19:48:49.540+02:00,Action,EditorLineEnd,Editor,1.ipynb,11,24
2022-10-11T19:48:49.542+02:00,IdeState,Active,Editor,1.ipynb,11,28
2022-10-11T19:48:49.924+02:00,Action,EditorBackSpace,Editor,1.ipynb,11,28
2022-10-11T19:48:50.066+02:00,Action,EditorBackSpace,Editor,1.ipynb,11,27
2022-10-11T19:48:50.466+02:00,Action,EditorLeft,Editor,1.ipynb,11,26
2022-10-11T19:48:50.544+02:00,IdeState,Active,Editor,1.ipynb,11,25
2022-10-11T19:48:50.968+02:00,Action,EditorLeft,Editor,1.ipynb,11,25
2022-10-11T19:48:51.051+02:00,Action,EditorLeft,Editor,1.ipynb,11,24
2022-10-11T19:48:51.134+02:00,Action,EditorLeft,Editor,1.ipynb,11,23
2022-10-11T19:48:51.218+02:00,Action,EditorLeft,Editor,1.ipynb,11,22
2022-10-11T19:48:51.301+02:00,Action,EditorLeft,Editor,1.ipynb,11,21
2022-10-11T19:48:51.385+02:00,Action,EditorLeft,Editor,1.ipynb,11,20
2022-10-11T19:48:51.468+02:00,Action,EditorLeft,Editor,1.ipynb,11,19
2022-10-11T19:48:51.548+02:00,IdeState,Active,Editor,1.ipynb,11,18
2022-10-11T19:48:51.551+02:00,Action,EditorLeft,Editor,1.ipynb,11,18
2022-10-11T19:48:51.723+02:00,Action,EditorLeft,Editor,1.ipynb,11,17
2022-10-11T19:48:51.891+02:00,Action,EditorLeft,Editor,1.ipynb,11,16
2022-10-11T19:48:52.550+02:00,IdeState,Active,Editor,1.ipynb,11,17
2022-10-11T19:48:53.551+02:00,IdeState,Active,Editor,1.ipynb,11,18
2022-10-11T19:48:54.554+02:00,IdeState,Active,Editor,1.ipynb,11,19
2022-10-11T19:48:54.685+02:00,Action,EditorLineEnd,Editor,1.ipynb,11,19
2022-10-11T19:48:55.570+02:00,IdeState,Active,Editor,1.ipynb,11,33
2022-10-11T19:48:56.571+02:00,IdeState,Active,Editor,1.ipynb,11,34
2022-10-11T19:48:57.571+02:00,IdeState,Active,Editor,1.ipynb,11,34
2022-10-11T19:48:58.572+02:00,IdeState,Active,Editor,1.ipynb,11,34
2022-10-11T19:48:59.573+02:00,IdeState,Active,Editor,1.ipynb,11,34
2022-10-11T19:49:00.575+02:00,IdeState,Active,Editor,1.ipynb,11,37
2022-10-11T19:49:01.579+02:00,IdeState,Active,Editor,1.ipynb,11,37
2022-10-11T19:49:02.584+02:00,IdeState,Active,Editor,1.ipynb,11,37
2022-10-11T19:49:03.588+02:00,IdeState,Active,Editor,1.ipynb,11,38
2022-10-11T19:49:04.592+02:00,IdeState,Active,Editor,1.ipynb,11,38
2022-10-11T19:49:05.173+02:00,Action,EditorBackSpace,Editor,1.ipynb,11,38
2022-10-11T19:49:05.592+02:00,IdeState,Active,Editor,1.ipynb,11,40
2022-10-11T19:49:06.597+02:00,IdeState,Active,Editor,1.ipynb,11,40
2022-10-11T19:49:07.539+02:00,Action,EditorBackSpace,Editor,1.ipynb,11,43
2022-10-11T19:49:07.597+02:00,IdeState,Active,Editor,1.ipynb,11,42
2022-10-11T19:49:07.652+02:00,Action,EditorBackSpace,Editor,1.ipynb,11,42
2022-10-11T19:49:08.399+02:00,Action,EditorBackSpace,Editor,1.ipynb,11,44
2022-10-11T19:49:08.491+02:00,Action,EditorBackSpace,Editor,1.ipynb,11,43
2022-10-11T19:49:08.598+02:00,IdeState,Active,Editor,1.ipynb,11,42
2022-10-11T19:49:09.602+02:00,IdeState,Active,Editor,1.ipynb,11,44
2022-10-11T19:49:10.606+02:00,IdeState,Active,Editor,1.ipynb,11,44
2022-10-11T19:49:11.611+02:00,IdeState,Active,Editor,1.ipynb,11,44
2022-10-11T19:49:12.499+02:00,Action,EditorBackSpace,Editor,1.ipynb,11,45
2022-10-11T19:49:12.611+02:00,IdeState,Active,Editor,1.ipynb,11,44
2022-10-11T19:49:13.612+02:00,IdeState,Active,Editor,1.ipynb,11,47
2022-10-11T19:49:14.469+02:00,Action,EditorLineEnd,Editor,1.ipynb,11,51
2022-10-11T19:49:14.615+02:00,IdeState,Active,Editor,1.ipynb,11,52
2022-10-11T19:49:15.618+02:00,IdeState,Active,Editor,1.ipynb,11,52
2022-10-11T19:49:15.773+02:00,Action,EditorEnter,Editor,1.ipynb,11,52
2022-10-11T19:49:16.127+02:00,Action,EditorBackSpace,Editor,1.ipynb,12,8
2022-10-11T19:49:16.618+02:00,IdeState,Active,Editor,1.ipynb,12,6
2022-10-11T19:49:17.619+02:00,IdeState,Active,Editor,1.ipynb,12,14
2022-10-11T19:49:18.624+02:00,IdeState,Active,Editor,1.ipynb,12,14
2022-10-11T19:49:19.627+02:00,IdeState,Active,Editor,1.ipynb,12,14
2022-10-11T19:49:20.633+02:00,IdeState,Active,Editor,1.ipynb,12,14
2022-10-11T19:49:21.636+02:00,IdeState,Active,Editor,1.ipynb,12,14
2022-10-11T19:49:22.641+02:00,IdeState,Active,Editor,1.ipynb,12,14
2022-10-11T19:49:23.421+02:00,Action,NotebookRunAllAction,Editor,1.ipynb,12,14
2022-10-11T19:49:23.833+02:00,IdeState,Active,Editor,1.ipynb,12,14
2022-10-11T19:49:24.836+02:00,IdeState,Active,Dialog,1.ipynb,12,14
2022-10-11T19:49:25.841+02:00,IdeState,Active,Dialog,1.ipynb,12,14
2022-10-11T19:49:26.845+02:00,IdeState,Active,Editor,1.ipynb,12,14
2022-10-11T19:49:27.849+02:00,IdeState,Active,Editor,1.ipynb,12,14
2022-10-11T19:49:28.857+02:00,IdeState,Active,Editor,1.ipynb,12,14
2022-10-11T19:49:29.859+02:00,IdeState,Active,Editor,1.ipynb,12,14
2022-10-11T19:49:30.863+02:00,IdeState,Active,Editor,1.ipynb,12,14
2022-10-11T19:49:31.869+02:00,IdeState,Active,Editor,1.ipynb,12,14
2022-10-11T19:49:32.871+02:00,IdeState,Active,Editor,1.ipynb,12,14
2022-10-11T19:49:33.875+02:00,IdeState,Active,Editor,1.ipynb,12,14
2022-10-11T19:49:34.880+02:00,IdeState,Active,Editor,1.ipynb,12,14
2022-10-11T19:49:35.885+02:00,IdeState,Active,Editor,1.ipynb,12,14
2022-10-11T19:49:36.888+02:00,IdeState,Active,Editor,1.ipynb,12,14
2022-10-11T19:49:37.893+02:00,IdeState,Active,Editor,1.ipynb,1,0
2022-10-11T19:49:38.897+02:00,IdeState,Active,Editor,1.ipynb,1,0
2022-10-11T19:49:39.902+02:00,IdeState,Active,Editor,1.ipynb,1,0
2022-10-11T19:49:40.906+02:00,IdeState,Active,Editor,1.ipynb,1,0
2022-10-11T19:49:41.911+02:00,IdeState,Active,Editor,1.ipynb,1,0
2022-10-11T19:49:42.915+02:00,IdeState,Active,Editor,1.ipynb,1,0
2022-10-11T19:49:43.920+02:00,IdeState,Active,Editor,1.ipynb,1,0
2022-10-11T19:49:44.925+02:00,IdeState,Active,Editor,1.ipynb,1,0
2022-10-11T19:49:45.929+02:00,IdeState,Active,Editor,1.ipynb,1,0
2022-10-11T19:49:46.935+02:00,IdeState,Active,Editor,1.ipynb,1,0
2022-10-11T19:49:47.937+02:00,IdeState,Active,Editor,1.ipynb,1,0
2022-10-11T19:49:48.941+02:00,IdeState,Active,Editor,1.ipynb,1,0
2022-10-11T19:49:49.946+02:00,IdeState,Active,Editor,1.ipynb,1,0
2022-10-11T19:49:50.952+02:00,IdeState,Active,Editor,1.ipynb,1,0
2022-10-11T19:49:51.957+02:00,IdeState,Active,Editor,1.ipynb,1,0
2022-10-11T19:49:52.961+02:00,IdeState,Active,Editor,1.ipynb,1,0
2022-10-11T19:49:53.962+02:00,IdeState,Active,Editor,1.ipynb,1,0
2022-10-11T19:49:54.967+02:00,IdeState,Active,Editor,1.ipynb,1,0
2022-10-11T19:49:55.972+02:00,IdeState,Active,Editor,1.ipynb,1,0
2022-10-11T19:49:56.978+02:00,IdeState,Active,Editor,1.ipynb,1,0
2022-10-11T19:49:57.982+02:00,IdeState,Active,Editor,1.ipynb,1,0
2022-10-11T19:49:58.985+02:00,IdeState,Active,Editor,1.ipynb,1,0
2022-10-11T19:49:59.989+02:00,IdeState,Active,Editor,1.ipynb,1,0
2022-10-11T19:50:00.168+02:00,Action,org.jetbrains.research.ml.tasktracker.services.NextButtonAction,Editor,1.ipynb,1,0
2022-10-11T19:50:00.996+02:00,IdeState,Active,Editor,5.ipynb,1,0
2022-10-11T19:50:01.998+02:00,IdeState,Active,Editor,5.ipynb,1,0
2022-10-11T19:50:03.001+02:00,IdeState,Active,Editor,5.ipynb,1,0
2022-10-11T19:50:04.002+02:00,IdeState,Active,Editor,1.ipynb,1,0
2022-10-11T19:50:05.005+02:00,IdeState,Active,Editor,5.ipynb,1,0
2022-10-11T19:50:06.008+02:00,IdeState,Active,Editor,5.ipynb,1,0
2022-10-11T19:50:07.014+02:00,IdeState,Active,Editor,5.ipynb,1,0
2022-10-11T19:50:08.018+02:00,IdeState,Active,Editor,5.ipynb,1,0
2022-10-11T19:50:09.022+02:00,IdeState,Active,Editor,5.ipynb,1,0
2022-10-11T19:50:10.023+02:00,IdeState,Active,Editor,5.ipynb,1,0
2022-10-11T19:50:11.025+02:00,IdeState,Active,Editor,5.ipynb,1,0
2022-10-11T19:50:12.028+02:00,IdeState,Active,Editor,5.ipynb,1,0
2022-10-11T19:50:13.032+02:00,IdeState,Active,Editor,5.ipynb,1,0
2022-10-11T19:50:13.802+02:00,Action,EditorBackSpace,Editor,5.ipynb,35,12
2022-10-11T19:50:14.032+02:00,IdeState,Active,Editor,5.ipynb,35,8
2022-10-11T19:50:15.037+02:00,IdeState,Active,Editor,5.ipynb,35,8
2022-10-11T19:50:16.042+02:00,IdeState,Active,Editor,5.ipynb,35,8
2022-10-11T19:50:17.047+02:00,IdeState,Active,Editor,5.ipynb,35,8
2022-10-11T19:50:18.052+02:00,IdeState,Active,Editor,5.ipynb,35,8
2022-10-11T19:50:19.055+02:00,IdeState,Active,Editor,5.ipynb,35,8
2022-10-11T19:50:20.056+02:00,IdeState,Active,Editor,5.ipynb,35,8
2022-10-11T19:50:21.060+02:00,IdeState,Active,Editor,5.ipynb,35,8
2022-10-11T19:50:22.063+02:00,IdeState,Active,Editor,5.ipynb,35,8
2022-10-11T19:50:23.067+02:00,IdeState,Active,Editor,5.ipynb,35,8
2022-10-11T19:50:24.068+02:00,IdeState,Active,Editor,5.ipynb,35,8
2022-10-11T19:50:25.072+02:00,IdeState,Active,Editor,5.ipynb,35,8
2022-10-11T19:50:26.076+02:00,IdeState,Active,Editor,5.ipynb,35,8
2022-10-11T19:50:27.077+02:00,IdeState,Active,Editor,5.ipynb,35,8
2022-10-11T19:50:28.079+02:00,IdeState,Active,Editor,5.ipynb,35,8
2022-10-11T19:50:29.082+02:00,IdeState,Active,Editor,5.ipynb,35,8
2022-10-11T19:50:30.085+02:00,IdeState,Active,Editor,5.ipynb,35,8
2022-10-11T19:50:31.090+02:00,IdeState,Active,Editor,5.ipynb,35,8
2022-10-11T19:50:31.939+02:00,Action,EditorBackSpace,Editor,5.ipynb,7,20
2022-10-11T19:50:32.114+02:00,IdeState,Active,Editor,5.ipynb,7,19
2022-10-11T19:50:33.118+02:00,IdeState,Active,Editor,5.ipynb,7,19
2022-10-11T19:50:34.119+02:00,IdeState,Active,Editor,5.ipynb,7,19
2022-10-11T19:50:35.119+02:00,IdeState,Active,Editor,5.ipynb,7,19
2022-10-11T19:50:36.120+02:00,IdeState,Active,Editor,5.ipynb,7,19
2022-10-11T19:50:37.126+02:00,IdeState,Active,Editor,5.ipynb,7,19
2022-10-11T19:50:38.126+02:00,IdeState,Active,Editor,5.ipynb,7,19
2022-10-11T19:50:39.130+02:00,IdeState,Active,Editor,5.ipynb,7,19
2022-10-11T19:50:40.136+02:00,IdeState,Active,Editor,5.ipynb,7,31
2022-10-11T19:50:41.140+02:00,IdeState,Active,Editor,5.ipynb,7,31
2022-10-11T19:50:42.145+02:00,IdeState,Active,Editor,5.ipynb,7,31
2022-10-11T19:50:43.150+02:00,IdeState,Active,Editor,5.ipynb,11,0
2022-10-11T19:50:44.152+02:00,IdeState,Active,Editor,5.ipynb,11,0
2022-10-11T19:50:45.156+02:00,IdeState,Active,Editor,5.ipynb,15,14
2022-10-11T19:50:45.253+02:00,Action,EditorBackSpace,Editor,5.ipynb,15,14
2022-10-11T19:50:46.179+02:00,IdeState,Active,Editor,5.ipynb,15,14
2022-10-11T19:50:46.589+02:00,Action,EditorBackSpace,Editor,5.ipynb,15,14
2022-10-11T19:50:46.963+02:00,Action,EditorLineEnd,Editor,5.ipynb,15,14
2022-10-11T19:50:47.181+02:00,IdeState,Active,Editor,5.ipynb,15,29
2022-10-11T19:50:48.186+02:00,IdeState,Active,Editor,5.ipynb,15,29
2022-10-11T19:50:49.186+02:00,IdeState,Active,Editor,5.ipynb,17,14
2022-10-11T19:50:50.187+02:00,IdeState,Active,Editor,5.ipynb,17,14
2022-10-11T19:50:51.191+02:00,IdeState,Active,Editor,5.ipynb,17,14
2022-10-11T19:50:52.196+02:00,IdeState,Active,Editor,5.ipynb,17,14
2022-10-11T19:50:53.200+02:00,IdeState,Active,Editor,5.ipynb,17,14
2022-10-11T19:50:54.205+02:00,IdeState,Active,Editor,5.ipynb,17,14
2022-10-11T19:50:54.487+02:00,Action,EditorBackSpace,Editor,5.ipynb,20,18
2022-10-11T19:50:55.205+02:00,IdeState,Active,Editor,5.ipynb,20,18
2022-10-11T19:50:56.210+02:00,IdeState,Active,Editor,5.ipynb,20,18
2022-10-11T19:50:57.214+02:00,IdeState,Active,Editor,5.ipynb,20,18
2022-10-11T19:50:58.217+02:00,IdeState,Active,Editor,5.ipynb,20,18
2022-10-11T19:50:59.221+02:00,IdeState,Active,Editor,5.ipynb,20,18
2022-10-11T19:51:00.221+02:00,IdeState,Active,Editor,5.ipynb,20,20
2022-10-11T19:51:01.224+02:00,IdeState,Active,Editor,5.ipynb,20,20
2022-10-11T19:51:02.228+02:00,IdeState,Active,Editor,5.ipynb,20,20
2022-10-11T19:51:03.233+02:00,IdeState,Active,Editor,5.ipynb,20,20
2022-10-11T19:51:04.236+02:00,IdeState,Active,Editor,5.ipynb,20,20
2022-10-11T19:51:05.241+02:00,IdeState,Active,Editor,5.ipynb,20,20
2022-10-11T19:51:06.246+02:00,IdeState,Active,Editor,5.ipynb,30,13
2022-10-11T19:51:06.641+02:00,Action,EditorBackSpace,Editor,5.ipynb,30,13
2022-10-11T19:51:07.246+02:00,IdeState,Active,Editor,5.ipynb,30,12
2022-10-11T19:51:08.249+02:00,IdeState,Active,Editor,5.ipynb,30,12
2022-10-11T19:51:09.253+02:00,IdeState,Active,Editor,5.ipynb,30,13
2022-10-11T19:51:10.229+02:00,Action,EditorBackSpace,Editor,5.ipynb,26,13
2022-10-11T19:51:10.253+02:00,IdeState,Active,Editor,5.ipynb,26,12
2022-10-11T19:51:10.808+02:00,Action,$Undo,Editor,5.ipynb,26,12
2022-10-11T19:51:11.189+02:00,Action,$Undo,Editor,5.ipynb,26,13
2022-10-11T19:51:11.254+02:00,IdeState,Active,Editor,5.ipynb,26,12
2022-10-11T19:51:11.486+02:00,Action,$Undo,Editor,5.ipynb,26,12
2022-10-11T19:51:11.830+02:00,Action,$Undo,Editor,5.ipynb,30,13
2022-10-11T19:51:12.254+02:00,IdeState,Active,Editor,5.ipynb,30,12
2022-10-11T19:51:12.379+02:00,Action,$Undo,Editor,5.ipynb,30,12
2022-10-11T19:51:13.259+02:00,IdeState,Active,Editor,5.ipynb,30,13
2022-10-11T19:51:14.263+02:00,IdeState,Active,Editor,5.ipynb,30,13
2022-10-11T19:51:15.268+02:00,IdeState,Active,Editor,5.ipynb,30,13
2022-10-11T19:51:16.269+02:00,IdeState,Active,Editor,5.ipynb,30,13
2022-10-11T19:51:17.273+02:00,IdeState,Active,Editor,5.ipynb,30,13
2022-10-11T19:51:18.279+02:00,IdeState,Active,Editor,5.ipynb,30,13
2022-10-11T19:51:19.283+02:00,IdeState,Active,Editor,5.ipynb,30,13
2022-10-11T19:51:20.291+02:00,IdeState,Active,Editor,5.ipynb,30,13
2022-10-11T19:51:21.295+02:00,IdeState,Active,Editor,5.ipynb,30,13
2022-10-11T19:51:22.299+02:00,IdeState,Active,Editor,5.ipynb,30,13
2022-10-11T19:51:23.304+02:00,IdeState,Active,Editor,5.ipynb,30,13
2022-10-11T19:51:24.307+02:00,IdeState,Active,Editor,5.ipynb,30,13
2022-10-11T19:51:25.314+02:00,IdeState,Active,Editor,5.ipynb,30,13
2022-10-11T19:51:26.318+02:00,IdeState,Active,Editor,5.ipynb,30,13
2022-10-11T19:51:27.322+02:00,IdeState,Active,Editor,5.ipynb,30,13
2022-10-11T19:51:28.327+02:00,IdeState,Active,Editor,5.ipynb,30,13
2022-10-11T19:51:29.329+02:00,IdeState,Active,Editor,5.ipynb,78,20
2022-10-11T19:51:30.333+02:00,IdeState,Active,Editor,5.ipynb,78,20
2022-10-11T19:51:31.337+02:00,IdeState,Active,Editor,5.ipynb,78,20
2022-10-11T19:51:31.532+02:00,Action,EditorTab,Editor,5.ipynb,77,7
2022-10-11T19:51:32.012+02:00,Action,EditorTab,Editor,5.ipynb,77,8
2022-10-11T19:51:32.338+02:00,IdeState,Active,Editor,5.ipynb,77,12
2022-10-11T19:51:32.724+02:00,Action,EditorRight,Editor,5.ipynb,77,12
2022-10-11T19:51:32.979+02:00,Action,EditorBackSpace,Editor,5.ipynb,77,13
2022-10-11T19:51:33.349+02:00,IdeState,Active,Editor,5.ipynb,77,12
2022-10-11T19:51:34.354+02:00,IdeState,Active,Editor,5.ipynb,77,12
2022-10-11T19:51:35.357+02:00,IdeState,Active,Editor,5.ipynb,77,12
2022-10-11T19:51:36.361+02:00,IdeState,Active,Editor,5.ipynb,77,23
2022-10-11T19:51:37.363+02:00,IdeState,Active,Editor,5.ipynb,77,23
2022-10-11T19:51:38.369+02:00,IdeState,Active,Editor,5.ipynb,77,23
2022-10-11T19:51:39.374+02:00,IdeState,Active,Editor,5.ipynb,77,23
2022-10-11T19:51:40.378+02:00,IdeState,Active,Editor,5.ipynb,77,23
2022-10-11T19:51:41.383+02:00,IdeState,Active,Editor,5.ipynb,77,23
2022-10-11T19:51:42.388+02:00,IdeState,Active,Editor,5.ipynb,77,23
2022-10-11T19:51:43.393+02:00,IdeState,Active,Editor,5.ipynb,77,23
2022-10-11T19:51:44.398+02:00,IdeState,Active,Editor,5.ipynb,77,23
2022-10-11T19:51:45.403+02:00,IdeState,Active,Editor,5.ipynb,77,23
2022-10-11T19:51:46.408+02:00,IdeState,Active,Editor,5.ipynb,77,23
2022-10-11T19:51:47.412+02:00,IdeState,Active,Editor,5.ipynb,77,23
2022-10-11T19:51:47.997+02:00,Action,EditorBackSpace,Editor,5.ipynb,92,30
2022-10-11T19:51:48.106+02:00,Action,EditorBackSpace,Editor,5.ipynb,92,29
2022-10-11T19:51:48.417+02:00,IdeState,Active,Editor,5.ipynb,92,29
2022-10-11T19:51:49.422+02:00,IdeState,Active,Editor,5.ipynb,92,29
2022-10-11T19:51:50.426+02:00,IdeState,Active,Editor,5.ipynb,92,29
2022-10-11T19:51:51.433+02:00,IdeState,Active,Editor,5.ipynb,92,29
2022-10-11T19:51:52.439+02:00,IdeState,Active,Editor,5.ipynb,92,29
2022-10-11T19:51:53.443+02:00,IdeState,Active,Editor,5.ipynb,92,29
2022-10-11T19:51:54.444+02:00,IdeState,Active,Editor,5.ipynb,92,29
2022-10-11T19:51:55.448+02:00,IdeState,Active,Editor,5.ipynb,92,29
2022-10-11T19:51:56.450+02:00,IdeState,Active,Editor,5.ipynb,92,29
2022-10-11T19:51:57.453+02:00,IdeState,Active,Editor,5.ipynb,92,29
2022-10-11T19:51:58.457+02:00,IdeState,Active,Editor,5.ipynb,92,29
2022-10-11T19:51:59.458+02:00,IdeState,Active,Editor,5.ipynb,92,29
2022-10-11T19:52:00.461+02:00,IdeState,Active,Editor,5.ipynb,92,29
2022-10-11T19:52:01.464+02:00,IdeState,Active,Editor,5.ipynb,92,29
2022-10-11T19:52:02.470+02:00,IdeState,Active,Editor,5.ipynb,92,29
2022-10-11T19:52:03.474+02:00,IdeState,Active,Editor,5.ipynb,92,29
2022-10-11T19:52:04.479+02:00,IdeState,Active,Editor,5.ipynb,92,29
2022-10-11T19:52:05.484+02:00,IdeState,Active,Editor,5.ipynb,92,29
2022-10-11T19:52:06.487+02:00,IdeState,Active,Editor,5.ipynb,92,29
2022-10-11T19:52:07.492+02:00,IdeState,Active,Editor,5.ipynb,92,29
2022-10-11T19:52:08.497+02:00,IdeState,Active,Editor,5.ipynb,92,29
2022-10-11T19:52:09.498+02:00,IdeState,Active,Editor,5.ipynb,92,29
2022-10-11T19:52:10.500+02:00,IdeState,Active,Editor,5.ipynb,92,29
2022-10-11T19:52:11.505+02:00,IdeState,Active,Editor,5.ipynb,92,29
2022-10-11T19:52:12.508+02:00,IdeState,Active,Editor,5.ipynb,92,29
2022-10-11T19:52:13.510+02:00,IdeState,Active,Editor,5.ipynb,92,29
2022-10-11T19:52:14.510+02:00,IdeState,Active,Editor,5.ipynb,92,29
2022-10-11T19:52:15.512+02:00,IdeState,Active,Editor,5.ipynb,92,29
2022-10-11T19:52:16.517+02:00,IdeState,Active,Editor,5.ipynb,92,29
2022-10-11T19:52:17.520+02:00,IdeState,Active,Editor,5.ipynb,92,29
2022-10-11T19:52:18.521+02:00,IdeState,Active,Editor,5.ipynb,92,29
2022-10-11T19:52:19.525+02:00,IdeState,Active,Editor,5.ipynb,92,29
2022-10-11T19:52:20.526+02:00,IdeState,Active,Editor,5.ipynb,92,29
2022-10-11T19:52:21.529+02:00,IdeState,Active,Editor,5.ipynb,92,29
2022-10-11T19:52:22.530+02:00,IdeState,Active,Editor,5.ipynb,92,29
2022-10-11T19:52:23.534+02:00,IdeState,Active,Editor,5.ipynb,92,29
2022-10-11T19:52:24.534+02:00,IdeState,Active,Editor,5.ipynb,92,29
2022-10-11T19:52:25.538+02:00,IdeState,Active,Editor,5.ipynb,92,29
2022-10-11T19:52:26.538+02:00,IdeState,Active,Editor,5.ipynb,92,29
2022-10-11T19:52:27.542+02:00,IdeState,Active,Editor,5.ipynb,30,25
2022-10-11T19:52:27.756+02:00,Action,EditorRight,Editor,5.ipynb,30,25
2022-10-11T19:52:28.012+02:00,Action,EditorBackSpace,Editor,5.ipynb,30,26
2022-10-11T19:52:28.542+02:00,IdeState,Active,Editor,5.ipynb,30,26
2022-10-11T19:52:29.547+02:00,IdeState,Active,Editor,5.ipynb,30,26
2022-10-11T19:52:30.551+02:00,IdeState,Active,Editor,5.ipynb,30,26
2022-10-11T19:52:31.554+02:00,IdeState,Active,Editor,5.ipynb,30,26
2022-10-11T19:52:32.554+02:00,IdeState,Active,Editor,5.ipynb,30,26
2022-10-11T19:52:33.558+02:00,IdeState,Active,Editor,5.ipynb,30,26
2022-10-11T19:52:34.562+02:00,IdeState,Active,Editor,5.ipynb,30,26
2022-10-11T19:52:35.567+02:00,IdeState,Active,Editor,5.ipynb,30,26
2022-10-11T19:52:36.572+02:00,IdeState,Active,Editor,5.ipynb,30,26
2022-10-11T19:52:37.576+02:00,IdeState,Active,Editor,5.ipynb,30,26
2022-10-11T19:52:38.581+02:00,IdeState,Active,Editor,5.ipynb,30,26
2022-10-11T19:52:39.581+02:00,IdeState,Active,Editor,5.ipynb,30,26
2022-10-11T19:52:40.585+02:00,IdeState,Active,Editor,5.ipynb,30,26
2022-10-11T19:52:41.589+02:00,IdeState,Active,Editor,5.ipynb,30,26
2022-10-11T19:52:42.589+02:00,IdeState,Active,Editor,5.ipynb,30,26
2022-10-11T19:52:43.589+02:00,IdeState,Active,Editor,5.ipynb,30,26
2022-10-11T19:52:44.594+02:00,IdeState,Active,Editor,5.ipynb,30,26
2022-10-11T19:52:45.598+02:00,IdeState,Active,Editor,5.ipynb,30,26
2022-10-11T19:52:46.601+02:00,IdeState,Active,Editor,5.ipynb,30,26
2022-10-11T19:52:47.605+02:00,IdeState,Active,Editor,5.ipynb,20,19
2022-10-11T19:52:48.608+02:00,IdeState,Active,Editor,5.ipynb,20,19
2022-10-11T19:52:49.198+02:00,Action,EditorBackSpace,Editor,5.ipynb,20,19
2022-10-11T19:52:49.325+02:00,Action,EditorBackSpace,Editor,5.ipynb,20,18
2022-10-11T19:52:49.613+02:00,IdeState,Active,Editor,5.ipynb,20,18
2022-10-11T19:52:50.076+02:00,Action,EditorBackSpace,Editor,5.ipynb,20,18
2022-10-11T19:52:50.621+02:00,IdeState,Active,Editor,5.ipynb,20,17
2022-10-11T19:52:51.622+02:00,IdeState,Active,Editor,5.ipynb,20,17
2022-10-11T19:52:52.626+02:00,IdeState,Active,Editor,5.ipynb,20,17
2022-10-11T19:52:53.631+02:00,IdeState,Active,Editor,5.ipynb,20,17
2022-10-11T19:52:54.636+02:00,IdeState,Active,Editor,5.ipynb,20,17
2022-10-11T19:52:55.639+02:00,IdeState,Active,Editor,5.ipynb,20,17
2022-10-11T19:52:56.643+02:00,IdeState,Active,Editor,5.ipynb,20,17
2022-10-11T19:52:57.648+02:00,IdeState,Active,Editor,5.ipynb,20,17
2022-10-11T19:52:58.650+02:00,IdeState,Active,Editor,5.ipynb,20,17
2022-10-11T19:52:59.651+02:00,IdeState,Active,Editor,5.ipynb,20,17
2022-10-11T19:53:00.655+02:00,IdeState,Active,Editor,5.ipynb,20,17
2022-10-11T19:53:01.655+02:00,IdeState,Active,Editor,5.ipynb,52,13
2022-10-11T19:53:01.733+02:00,Action,EditorUp,Editor,5.ipynb,52,13
2022-10-11T19:53:01.933+02:00,Action,EditorLeft,Editor,5.ipynb,51,13
2022-10-11T19:53:02.180+02:00,Action,EditorBackSpace,Editor,5.ipynb,51,12
2022-10-11T19:53:02.656+02:00,IdeState,Active,Editor,5.ipynb,51,8
2022-10-11T19:53:03.657+02:00,IdeState,Active,Editor,5.ipynb,51,8
2022-10-11T19:53:04.662+02:00,IdeState,Active,Editor,5.ipynb,51,8
2022-10-11T19:53:05.664+02:00,IdeState,Active,Editor,5.ipynb,51,8
2022-10-11T19:53:06.669+02:00,IdeState,Active,Editor,5.ipynb,51,8
2022-10-11T19:53:07.670+02:00,IdeState,Active,Editor,5.ipynb,51,8
2022-10-11T19:53:08.672+02:00,IdeState,Active,Editor,5.ipynb,51,8
2022-10-11T19:53:09.674+02:00,IdeState,Active,Editor,5.ipynb,51,8
2022-10-11T19:53:10.678+02:00,IdeState,Active,Editor,5.ipynb,51,8
2022-10-11T19:53:11.684+02:00,IdeState,Active,Editor,5.ipynb,51,8
2022-10-11T19:53:12.689+02:00,IdeState,Active,Editor,5.ipynb,51,8
2022-10-11T19:53:13.690+02:00,IdeState,Active,Editor,5.ipynb,51,8
2022-10-11T19:53:14.691+02:00,IdeState,Active,Editor,5.ipynb,51,8
2022-10-11T19:53:15.695+02:00,IdeState,Active,Editor,5.ipynb,51,8
2022-10-11T19:53:16.700+02:00,IdeState,Active,Editor,5.ipynb,51,8
2022-10-11T19:53:17.701+02:00,IdeState,Active,Editor,5.ipynb,51,8
2022-10-11T19:53:18.706+02:00,IdeState,Active,Editor,5.ipynb,51,8
2022-10-11T19:53:19.709+02:00,IdeState,Active,Editor,5.ipynb,51,8
2022-10-11T19:53:20.716+02:00,IdeState,Active,Editor,5.ipynb,51,8
2022-10-11T19:53:21.716+02:00,IdeState,Active,Editor,5.ipynb,51,8
2022-10-11T19:53:22.721+02:00,IdeState,Active,Editor,5.ipynb,51,8
2022-10-11T19:53:23.726+02:00,IdeState,Active,Editor,5.ipynb,51,8
2022-10-11T19:53:24.729+02:00,IdeState,Active,Editor,5.ipynb,51,8
2022-10-11T19:53:25.731+02:00,IdeState,Active,Editor,5.ipynb,51,8
2022-10-11T19:53:26.735+02:00,IdeState,Active,Editor,5.ipynb,51,8
2022-10-11T19:53:27.740+02:00,IdeState,Active,Editor,5.ipynb,51,8
2022-10-11T19:53:28.662+02:00,Action,EditorBackSpace,Editor,5.ipynb,73,12
2022-10-11T19:53:28.745+02:00,IdeState,Active,Editor,5.ipynb,73,11
2022-10-11T19:53:29.745+02:00,IdeState,Active,Editor,5.ipynb,73,37
2022-10-11T19:53:30.280+02:00,Action,EditorRight,Editor,5.ipynb,73,37
2022-10-11T19:53:30.565+02:00,Action,EditorRight,Editor,5.ipynb,73,38
2022-10-11T19:53:30.749+02:00,IdeState,Active,Editor,5.ipynb,73,39
2022-10-11T19:53:30.822+02:00,Action,EditorBackSpace,Editor,5.ipynb,73,39
2022-10-11T19:53:31.769+02:00,IdeState,Active,Editor,5.ipynb,73,38
2022-10-11T19:53:32.773+02:00,IdeState,Active,Editor,5.ipynb,73,38
2022-10-11T19:53:33.776+02:00,IdeState,Active,Editor,5.ipynb,73,38
2022-10-11T19:53:34.778+02:00,IdeState,Active,Editor,5.ipynb,73,38
2022-10-11T19:53:35.782+02:00,IdeState,Active,Editor,5.ipynb,73,38
2022-10-11T19:53:36.785+02:00,IdeState,Active,Editor,5.ipynb,73,38
2022-10-11T19:53:37.791+02:00,IdeState,Active,Editor,5.ipynb,73,38
2022-10-11T19:53:38.796+02:00,IdeState,Active,Editor,5.ipynb,73,38
2022-10-11T19:53:39.799+02:00,IdeState,Active,Editor,5.ipynb,73,38
2022-10-11T19:53:40.803+02:00,IdeState,Active,Editor,5.ipynb,107,8
2022-10-11T19:53:41.581+02:00,Action,EditorBackSpace,Editor,5.ipynb,107,9
2022-10-11T19:53:41.804+02:00,IdeState,Active,Editor,5.ipynb,107,9
2022-10-11T19:53:42.809+02:00,IdeState,Active,Editor,5.ipynb,107,29
2022-10-11T19:53:43.814+02:00,IdeState,Active,Editor,5.ipynb,107,29
2022-10-11T19:53:44.819+02:00,IdeState,Active,Editor,5.ipynb,107,29
2022-10-11T19:53:45.820+02:00,IdeState,Active,Editor,5.ipynb,109,14
2022-10-11T19:53:46.442+02:00,Action,EditorBackSpace,Editor,5.ipynb,109,15
2022-10-11T19:53:46.556+02:00,Action,EditorBackSpace,Editor,5.ipynb,109,14
2022-10-11T19:53:46.824+02:00,IdeState,Active,Editor,5.ipynb,109,14
2022-10-11T19:53:47.192+02:00,Action,EditorLineEnd,Editor,5.ipynb,109,14
2022-10-11T19:53:47.372+02:00,Action,EditorLeft,Editor,5.ipynb,109,45
2022-10-11T19:53:47.589+02:00,Action,EditorBackSpace,Editor,5.ipynb,109,44
2022-10-11T19:53:47.827+02:00,IdeState,Active,Editor,5.ipynb,109,43
2022-10-11T19:53:48.585+02:00,Action,EditorBackSpace,Editor,5.ipynb,110,16
2022-10-11T19:53:48.790+02:00,Action,EditorLineEnd,Editor,5.ipynb,110,15
2022-10-11T19:53:48.828+02:00,IdeState,Active,Editor,5.ipynb,110,39
2022-10-11T19:53:48.989+02:00,Action,EditorLeft,Editor,5.ipynb,110,39
2022-10-11T19:53:49.188+02:00,Action,EditorBackSpace,Editor,5.ipynb,110,38
2022-10-11T19:53:49.832+02:00,IdeState,Active,Editor,5.ipynb,110,37
2022-10-11T19:53:50.838+02:00,IdeState,Active,Editor,5.ipynb,110,37
2022-10-11T19:53:51.843+02:00,IdeState,Active,Editor,5.ipynb,110,37
2022-10-11T19:53:52.848+02:00,IdeState,Active,Editor,5.ipynb,110,37
2022-10-11T19:53:53.854+02:00,IdeState,Active,Editor,5.ipynb,110,37
2022-10-11T19:53:54.857+02:00,IdeState,Active,Editor,5.ipynb,110,37
2022-10-11T19:53:55.860+02:00,IdeState,Active,Editor,5.ipynb,110,37
2022-10-11T19:53:56.866+02:00,IdeState,Active,Editor,5.ipynb,110,37
2022-10-11T19:53:57.869+02:00,IdeState,Active,Editor,5.ipynb,110,37
2022-10-11T19:53:58.872+02:00,IdeState,Active,Editor,5.ipynb,110,37
2022-10-11T19:53:59.876+02:00,IdeState,Active,Editor,5.ipynb,110,37
2022-10-11T19:54:00.878+02:00,IdeState,Active,Editor,5.ipynb,110,37
2022-10-11T19:54:01.879+02:00,IdeState,Active,Editor,5.ipynb,110,37
2022-10-11T19:54:02.885+02:00,IdeState,Active,Editor,5.ipynb,110,37
2022-10-11T19:54:03.890+02:00,IdeState,Active,Editor,5.ipynb,149,26
2022-10-11T19:54:04.109+02:00,Action,EditorBackSpace,Editor,5.ipynb,149,26
2022-10-11T19:54:04.893+02:00,IdeState,Active,Editor,5.ipynb,149,25
2022-10-11T19:54:05.898+02:00,IdeState,Active,Editor,5.ipynb,149,25
2022-10-11T19:54:06.902+02:00,IdeState,Active,Editor,5.ipynb,149,25
2022-10-11T19:54:07.907+02:00,IdeState,Active,Editor,5.ipynb,149,25
2022-10-11T19:54:08.912+02:00,IdeState,Active,Editor,5.ipynb,149,25
2022-10-11T19:54:09.916+02:00,IdeState,Active,Editor,5.ipynb,149,25
2022-10-11T19:54:10.920+02:00,IdeState,Active,Editor,5.ipynb,149,25
2022-10-11T19:54:11.924+02:00,IdeState,Active,Editor,5.ipynb,185,16
2022-10-11T19:54:12.143+02:00,Action,EditorBackSpace,Editor,5.ipynb,185,16
2022-10-11T19:54:12.927+02:00,IdeState,Active,Editor,5.ipynb,185,15
2022-10-11T19:54:13.461+02:00,Action,EditorBackSpace,Editor,5.ipynb,185,74
2022-10-11T19:54:13.929+02:00,IdeState,Active,Editor,5.ipynb,185,73
2022-10-11T19:54:14.934+02:00,IdeState,Active,Editor,5.ipynb,185,73
2022-10-11T19:54:15.939+02:00,IdeState,Active,Editor,5.ipynb,188,17
2022-10-11T19:54:16.105+02:00,Action,EditorDelete,Editor,5.ipynb,188,17
2022-10-11T19:54:16.943+02:00,IdeState,Active,Editor,5.ipynb,188,17
2022-10-11T19:54:17.274+02:00,Action,EditorBackSpace,Editor,5.ipynb,188,46
2022-10-11T19:54:17.947+02:00,IdeState,Active,Editor,5.ipynb,188,45
2022-10-11T19:54:18.953+02:00,IdeState,Active,Editor,5.ipynb,189,23
2022-10-11T19:54:19.957+02:00,IdeState,Active,Editor,5.ipynb,189,23
2022-10-11T19:54:20.961+02:00,IdeState,Active,Editor,5.ipynb,189,20
2022-10-11T19:54:21.965+02:00,IdeState,Active,Editor,5.ipynb,189,31
2022-10-11T19:54:22.970+02:00,IdeState,Active,Editor,5.ipynb,189,23
2022-10-11T19:54:23.974+02:00,IdeState,Active,Editor,5.ipynb,189,23
2022-10-11T19:54:24.978+02:00,IdeState,Active,Editor,5.ipynb,189,23
2022-10-11T19:54:25.982+02:00,IdeState,Active,Editor,5.ipynb,189,23
2022-10-11T19:54:26.987+02:00,IdeState,Active,Editor,5.ipynb,189,23
2022-10-11T19:54:27.988+02:00,IdeState,Active,Editor,5.ipynb,184,20
2022-10-11T19:54:28.165+02:00,Action,EditorBackSpace,Editor,5.ipynb,184,20
2022-10-11T19:54:28.994+02:00,IdeState,Active,Editor,5.ipynb,184,16
2022-10-11T19:54:29.999+02:00,IdeState,Active,Editor,5.ipynb,184,16
2022-10-11T19:54:31.000+02:00,IdeState,Active,Editor,5.ipynb,184,16
2022-10-11T19:54:31.243+02:00,Action,EditorTab,Editor,5.ipynb,184,16
2022-10-11T19:54:31.628+02:00,Action,EditorTab,Editor,5.ipynb,181,16
2022-10-11T19:54:32.036+02:00,IdeState,Active,Editor,5.ipynb,181,20
2022-10-11T19:54:33.041+02:00,IdeState,Active,Editor,5.ipynb,181,20
2022-10-11T19:54:34.042+02:00,IdeState,Active,Editor,5.ipynb,181,20
2022-10-11T19:54:35.044+02:00,IdeState,Active,Editor,5.ipynb,172,20
2022-10-11T19:54:36.048+02:00,IdeState,Active,Editor,5.ipynb,172,20
2022-10-11T19:54:37.047+02:00,Action,EditorTab,Editor,5.ipynb,181,20
2022-10-11T19:54:37.061+02:00,IdeState,Active,Editor,5.ipynb,181,24
2022-10-11T19:54:37.592+02:00,Action,EditorBackSpace,Editor,5.ipynb,181,24
2022-10-11T19:54:37.829+02:00,Action,EditorBackSpace,Editor,5.ipynb,181,20
2022-10-11T19:54:38.061+02:00,IdeState,Active,Editor,5.ipynb,181,16
2022-10-11T19:54:39.065+02:00,IdeState,Active,Editor,5.ipynb,181,16
2022-10-11T19:54:40.067+02:00,IdeState,Active,Editor,5.ipynb,181,17
2022-10-11T19:54:41.072+02:00,IdeState,Active,Editor,5.ipynb,181,20
2022-10-11T19:54:42.073+02:00,IdeState,Active,Editor,5.ipynb,181,20
2022-10-11T19:54:43.077+02:00,IdeState,Active,Editor,5.ipynb,181,20
2022-10-11T19:54:43.269+02:00,Action,EditorBackSpace,Editor,5.ipynb,181,20
2022-10-11T19:54:43.832+02:00,Action,EditorTab,Editor,5.ipynb,181,16
2022-10-11T19:54:44.077+02:00,IdeState,Active,Editor,5.ipynb,181,20
2022-10-11T19:54:45.081+02:00,IdeState,Active,Editor,5.ipynb,181,20
2022-10-11T19:54:46.087+02:00,IdeState,Active,Editor,5.ipynb,181,20
2022-10-11T19:54:47.090+02:00,IdeState,Active,Editor,5.ipynb,181,20
2022-10-11T19:54:48.097+02:00,IdeState,Active,Editor,5.ipynb,181,20
2022-10-11T19:54:49.100+02:00,IdeState,Active,Editor,5.ipynb,181,20
2022-10-11T19:54:50.101+02:00,IdeState,Active,Editor,5.ipynb,181,20
2022-10-11T19:54:51.104+02:00,IdeState,Active,Editor,5.ipynb,181,20
2022-10-11T19:54:52.109+02:00,IdeState,Active,Editor,5.ipynb,146,21
2022-10-11T19:54:52.470+02:00,Action,EditorTab,Editor,5.ipynb,146,21
2022-10-11T19:54:53.110+02:00,IdeState,Active,Editor,5.ipynb,146,24
2022-10-11T19:54:54.096+02:00,Action,$Undo,Editor,5.ipynb,146,24
2022-10-11T19:54:54.111+02:00,IdeState,Active,Editor,5.ipynb,146,21
2022-10-11T19:54:54.614+02:00,Action,EditorTab,Editor,5.ipynb,146,20
2022-10-11T19:54:55.112+02:00,IdeState,Active,Editor,5.ipynb,146,24
2022-10-11T19:54:56.117+02:00,IdeState,Active,Editor,5.ipynb,146,20
2022-10-11T19:54:57.122+02:00,IdeState,Active,Editor,5.ipynb,146,20
2022-10-11T19:54:58.008+02:00,Action,EditorTab,Editor,5.ipynb,149,20
2022-10-11T19:54:58.123+02:00,IdeState,Active,Editor,5.ipynb,149,24
2022-10-11T19:54:59.128+02:00,IdeState,Active,Editor,5.ipynb,149,24
2022-10-11T19:55:00.131+02:00,IdeState,Active,Editor,5.ipynb,149,24
2022-10-11T19:55:00.531+02:00,Action,EditorLeft,Editor,5.ipynb,138,21
2022-10-11T19:55:01.062+02:00,Action,EditorBackSpace,Editor,5.ipynb,138,20
2022-10-11T19:55:01.133+02:00,IdeState,Active,Editor,5.ipynb,138,19
2022-10-11T19:55:01.297+02:00,Action,EditorLineEnd,Editor,5.ipynb,138,19
2022-10-11T19:55:01.517+02:00,Action,EditorLeft,Editor,5.ipynb,138,88
2022-10-11T19:55:01.758+02:00,Action,EditorBackSpace,Editor,5.ipynb,138,87
2022-10-11T19:55:02.144+02:00,IdeState,Active,Editor,5.ipynb,138,86
2022-10-11T19:55:03.147+02:00,IdeState,Active,Editor,5.ipynb,138,86
2022-10-11T19:55:04.152+02:00,IdeState,Active,Editor,5.ipynb,138,86
2022-10-11T19:55:05.156+02:00,IdeState,Active,Editor,5.ipynb,138,86
2022-10-11T19:55:06.158+02:00,IdeState,Active,Editor,5.ipynb,124,20
2022-10-11T19:55:06.456+02:00,Action,EditorBackSpace,Editor,5.ipynb,124,20
2022-10-11T19:55:06.630+02:00,Action,EditorLineEnd,Editor,5.ipynb,124,19
2022-10-11T19:55:06.870+02:00,Action,EditorLeft,Editor,5.ipynb,124,49
2022-10-11T19:55:07.079+02:00,Action,EditorBackSpace,Editor,5.ipynb,124,48
2022-10-11T19:55:07.161+02:00,IdeState,Active,Editor,5.ipynb,124,47
2022-10-11T19:55:08.165+02:00,IdeState,Active,Editor,5.ipynb,124,47
2022-10-11T19:55:08.686+02:00,Action,EditorBackSpace,Editor,5.ipynb,114,20
2022-10-11T19:55:08.918+02:00,Action,EditorLineEnd,Editor,5.ipynb,114,19
2022-10-11T19:55:09.112+02:00,Action,EditorLeft,Editor,5.ipynb,114,88
2022-10-11T19:55:09.165+02:00,IdeState,Active,Editor,5.ipynb,114,87
2022-10-11T19:55:09.303+02:00,Action,EditorBackSpace,Editor,5.ipynb,114,87
2022-10-11T19:55:10.168+02:00,IdeState,Active,Editor,5.ipynb,114,86
2022-10-11T19:55:11.142+02:00,Action,EditorTab,Editor,5.ipynb,116,16
2022-10-11T19:55:11.171+02:00,IdeState,Active,Editor,5.ipynb,116,20
2022-10-11T19:55:12.174+02:00,IdeState,Active,Editor,5.ipynb,116,20
2022-10-11T19:55:13.174+02:00,IdeState,Active,Editor,5.ipynb,116,20
2022-10-11T19:55:14.178+02:00,IdeState,Active,Editor,5.ipynb,116,20
2022-10-11T19:55:15.179+02:00,IdeState,Active,Editor,5.ipynb,116,20
2022-10-11T19:55:16.183+02:00,IdeState,Active,Editor,5.ipynb,116,20
2022-10-11T19:55:17.187+02:00,IdeState,Active,Editor,5.ipynb,116,20
2022-10-11T19:55:18.192+02:00,IdeState,Active,Editor,5.ipynb,116,20
2022-10-11T19:55:19.193+02:00,IdeState,Active,Editor,5.ipynb,116,20
2022-10-11T19:55:20.198+02:00,IdeState,Active,Editor,5.ipynb,116,20
2022-10-11T19:55:21.202+02:00,IdeState,Active,Editor,5.ipynb,116,20
2022-10-11T19:55:22.205+02:00,IdeState,Active,Editor,5.ipynb,116,20
2022-10-11T19:55:23.214+02:00,IdeState,Active,Editor,5.ipynb,116,20
2022-10-11T19:55:24.218+02:00,IdeState,Active,Editor,5.ipynb,116,20
2022-10-11T19:55:25.222+02:00,IdeState,Active,Editor,5.ipynb,116,20
2022-10-11T19:55:26.227+02:00,IdeState,Active,Editor,5.ipynb,116,20
2022-10-11T19:55:27.228+02:00,IdeState,Active,Editor,5.ipynb,116,20
2022-10-11T19:55:28.232+02:00,IdeState,Active,Editor,5.ipynb,116,20
2022-10-11T19:55:29.238+02:00,IdeState,Active,Editor,5.ipynb,116,20
2022-10-11T19:55:30.241+02:00,IdeState,Active,Editor,5.ipynb,116,20
2022-10-11T19:55:30.806+02:00,Action,NotebookRunAllAction,Editor,5.ipynb,116,20
2022-10-11T19:55:31.357+02:00,IdeState,Active,Dialog,5.ipynb,116,20
2022-10-11T19:55:32.361+02:00,IdeState,Active,Dialog,5.ipynb,116,20
2022-10-11T19:55:33.364+02:00,IdeState,Active,Editor,5.ipynb,116,20
2022-10-11T19:55:34.368+02:00,IdeState,Active,Editor,5.ipynb,116,20
2022-10-11T19:55:34.558+02:00,Action,org.jetbrains.research.ml.tasktracker.services.NextButtonAction,Editor,5.ipynb,116,20
2022-10-11T19:55:34.670+02:00,Action,ToggleZenMode,Editor,2.ipynb,0,0
2022-10-11T19:55:35.368+02:00,IdeState,Active,Editor,2.ipynb,1,0
2022-10-11T19:55:36.371+02:00,IdeState,Active,Editor,2.ipynb,1,0
2022-10-11T19:55:37.374+02:00,IdeState,Active,Editor,2.ipynb,1,0
2022-10-11T19:55:38.379+02:00,IdeState,Active,Editor,2.ipynb,8,0
2022-10-11T19:55:39.383+02:00,IdeState,Active,Editor,2.ipynb,8,0
2022-10-11T19:55:40.388+02:00,IdeState,Active,Editor,2.ipynb,8,0
2022-10-11T19:55:41.391+02:00,IdeState,Active,Editor,2.ipynb,8,0
2022-10-11T19:55:42.396+02:00,IdeState,Active,Editor,2.ipynb,8,0
2022-10-11T19:55:43.401+02:00,IdeState,Active,Editor,2.ipynb,8,0
2022-10-11T19:55:44.405+02:00,IdeState,Active,Editor,2.ipynb,8,0
2022-10-11T19:55:45.408+02:00,IdeState,Active,Editor,2.ipynb,8,0
2022-10-11T19:55:46.408+02:00,IdeState,Active,Editor,2.ipynb,8,1
2022-10-11T19:55:46.718+02:00,Action,EditorBackSpace,Editor,2.ipynb,8,1
2022-10-11T19:55:47.411+02:00,IdeState,Active,Editor,2.ipynb,8,5
2022-10-11T19:55:48.411+02:00,IdeState,Active,Editor,2.ipynb,8,11
2022-10-11T19:55:49.415+02:00,IdeState,Active,Editor,2.ipynb,8,13
2022-10-11T19:55:49.636+02:00,Action,EditorRight,Editor,2.ipynb,8,13
2022-10-11T19:55:50.019+02:00,Action,EditorEnter,Editor,2.ipynb,8,15
2022-10-11T19:55:50.419+02:00,IdeState,Active,Editor,2.ipynb,9,4
2022-10-11T19:55:51.423+02:00,IdeState,Active,Editor,2.ipynb,9,4
2022-10-11T19:55:52.428+02:00,IdeState,Active,Editor,2.ipynb,9,4
2022-10-11T19:55:53.432+02:00,IdeState,Active,Editor,2.ipynb,9,4
2022-10-11T19:55:54.121+02:00,Action,EditorUp,Editor,2.ipynb,9,4
2022-10-11T19:55:54.434+02:00,IdeState,Active,Editor,2.ipynb,8,4
2022-10-11T19:55:54.472+02:00,Action,EditorLineEnd,Editor,2.ipynb,8,4
2022-10-11T19:55:55.438+02:00,IdeState,Active,Editor,2.ipynb,8,15
2022-10-11T19:55:56.442+02:00,IdeState,Active,Editor,2.ipynb,8,15
2022-10-11T19:55:57.071+02:00,Action,EditorLeft,Editor,2.ipynb,8,15
2022-10-11T19:55:57.302+02:00,Action,EditorLeft,Editor,2.ipynb,8,14
2022-10-11T19:55:57.446+02:00,IdeState,Active,Editor,2.ipynb,8,13
2022-10-11T19:55:58.140+02:00,Action,EditorBackSpace,Editor,2.ipynb,8,14
2022-10-11T19:55:58.448+02:00,IdeState,Active,Editor,2.ipynb,8,14
2022-10-11T19:55:59.190+02:00,Action,EditorBackSpace,Editor,2.ipynb,8,16
2022-10-11T19:55:59.453+02:00,IdeState,Active,Editor,2.ipynb,8,15
2022-10-11T19:56:00.458+02:00,IdeState,Active,Editor,2.ipynb,8,15
2022-10-11T19:56:01.462+02:00,IdeState,Active,Editor,2.ipynb,8,15
2022-10-11T19:56:01.754+02:00,Action,EditorBackSpace,Editor,2.ipynb,8,15
2022-10-11T19:56:01.938+02:00,Action,EditorBackSpace,Editor,2.ipynb,8,14
2022-10-11T19:56:02.005+02:00,Action,EditorBackSpace,Editor,2.ipynb,8,13
2022-10-11T19:56:02.404+02:00,Action,EditorLineEnd,Editor,2.ipynb,8,12
2022-10-11T19:56:02.466+02:00,IdeState,Active,Editor,2.ipynb,8,14
2022-10-11T19:56:02.856+02:00,Action,EditorLeft,Editor,2.ipynb,8,14
2022-10-11T19:56:03.008+02:00,Action,EditorLeft,Editor,2.ipynb,8,13
2022-10-11T19:56:03.470+02:00,IdeState,Active,Editor,2.ipynb,8,13
2022-10-11T19:56:03.521+02:00,Action,EditorLineEnd,Editor,2.ipynb,8,13
2022-10-11T19:56:03.806+02:00,Action,EditorEnter,Editor,2.ipynb,8,15
2022-10-11T19:56:04.471+02:00,IdeState,Active,Editor,2.ipynb,9,4
2022-10-11T19:56:05.476+02:00,IdeState,Active,Editor,2.ipynb,9,4
2022-10-11T19:56:06.481+02:00,IdeState,Active,Editor,2.ipynb,9,4
2022-10-11T19:56:07.484+02:00,IdeState,Active,Editor,2.ipynb,9,4
2022-10-11T19:56:08.484+02:00,IdeState,Active,Editor,2.ipynb,9,8
2022-10-11T19:56:09.489+02:00,IdeState,Active,Editor,2.ipynb,9,11
2022-10-11T19:56:10.494+02:00,IdeState,Active,Editor,2.ipynb,9,11
2022-10-11T19:56:11.095+02:00,Action,EditorEnter,Editor,2.ipynb,9,11
2022-10-11T19:56:11.498+02:00,IdeState,Active,Editor,2.ipynb,10,4
2022-10-11T19:56:12.502+02:00,IdeState,Active,Editor,2.ipynb,10,4
2022-10-11T19:56:13.505+02:00,IdeState,Active,Editor,2.ipynb,10,6
2022-10-11T19:56:14.510+02:00,IdeState,Active,Editor,2.ipynb,10,8
2022-10-11T19:56:15.513+02:00,IdeState,Active,Editor,2.ipynb,10,8
2022-10-11T19:56:16.517+02:00,IdeState,Active,Editor,2.ipynb,10,8
2022-10-11T19:56:17.522+02:00,IdeState,Active,Editor,2.ipynb,10,11
2022-10-11T19:56:18.524+02:00,IdeState,Active,Editor,2.ipynb,10,19
2022-10-11T19:56:19.529+02:00,IdeState,Active,Editor,2.ipynb,10,24
2022-10-11T19:56:19.925+02:00,Action,EditorLineEnd,Editor,2.ipynb,10,25
2022-10-11T19:56:20.409+02:00,Action,EditorEnter,Editor,2.ipynb,10,27
2022-10-11T19:56:20.530+02:00,IdeState,Active,Editor,2.ipynb,11,8
2022-10-11T19:56:21.533+02:00,IdeState,Active,Editor,2.ipynb,11,8
2022-10-11T19:56:22.535+02:00,IdeState,Active,Editor,2.ipynb,11,8
2022-10-11T19:56:23.539+02:00,IdeState,Active,Editor,2.ipynb,11,8
2022-10-11T19:56:24.542+02:00,IdeState,Active,Editor,2.ipynb,11,8
2022-10-11T19:56:25.547+02:00,IdeState,Active,Editor,2.ipynb,11,8
2022-10-11T19:56:26.550+02:00,IdeState,Active,Editor,2.ipynb,11,8
2022-10-11T19:56:27.553+02:00,IdeState,Active,Editor,2.ipynb,11,8
2022-10-11T19:56:28.555+02:00,IdeState,Active,Editor,2.ipynb,11,8
2022-10-11T19:56:29.559+02:00,IdeState,Active,Editor,2.ipynb,11,8
2022-10-11T19:56:30.563+02:00,IdeState,Active,Editor,2.ipynb,11,8
2022-10-11T19:56:31.565+02:00,IdeState,Active,Editor,2.ipynb,11,8
2022-10-11T19:56:32.194+02:00,Action,EditorUp,Editor,2.ipynb,11,8
2022-10-11T19:56:32.359+02:00,Action,EditorUp,Editor,2.ipynb,10,8
2022-10-11T19:56:32.497+02:00,Action,EditorUp,Editor,2.ipynb,9,8
2022-10-11T19:56:32.569+02:00,IdeState,Active,Editor,2.ipynb,8,8
2022-10-11T19:56:32.827+02:00,Action,EditorLineEnd,Editor,2.ipynb,8,8
2022-10-11T19:56:33.031+02:00,Action,EditorLeft,Editor,2.ipynb,8,15
2022-10-11T19:56:33.165+02:00,Action,EditorLeft,Editor,2.ipynb,8,14
2022-10-11T19:56:33.571+02:00,IdeState,Active,Editor,2.ipynb,8,14
2022-10-11T19:56:33.647+02:00,Action,EditorBackSpace,Editor,2.ipynb,8,14
2022-10-11T19:56:34.559+02:00,Action,EditorBackSpace,Editor,2.ipynb,8,16
2022-10-11T19:56:34.576+02:00,IdeState,Active,Editor,2.ipynb,8,15
2022-10-11T19:56:35.312+02:00,Action,EditorDown,Editor,2.ipynb,8,16
2022-10-11T19:56:35.582+02:00,IdeState,Active,Editor,2.ipynb,9,11
2022-10-11T19:56:35.663+02:00,Action,EditorDown,Editor,2.ipynb,9,11
2022-10-11T19:56:36.228+02:00,Action,EditorLineStart,Editor,2.ipynb,10,16
2022-10-11T19:56:36.583+02:00,Action,EditorLineEndWithSelection,Editor,2.ipynb,10,4
2022-10-11T19:56:36.585+02:00,IdeState,Active,Editor,2.ipynb,10,27
2022-10-11T19:56:37.590+02:00,IdeState,Active,Editor,2.ipynb,10,27
2022-10-11T19:56:38.594+02:00,IdeState,Active,Editor,2.ipynb,10,27
2022-10-11T19:56:39.599+02:00,IdeState,Active,Editor,2.ipynb,10,27
2022-10-11T19:56:40.602+02:00,IdeState,Active,Editor,2.ipynb,10,27
2022-10-11T19:56:41.607+02:00,IdeState,Active,Editor,2.ipynb,10,27
2022-10-11T19:56:42.612+02:00,IdeState,Active,Editor,2.ipynb,10,27
2022-10-11T19:56:43.616+02:00,IdeState,Active,Editor,2.ipynb,10,27
2022-10-11T19:56:44.616+02:00,IdeState,Active,Editor,2.ipynb,10,8
2022-10-11T19:56:45.616+02:00,IdeState,Active,Editor,2.ipynb,10,12
2022-10-11T19:56:45.932+02:00,Action,EditorBackSpace,Editor,2.ipynb,10,14
2022-10-11T19:56:46.063+02:00,Action,EditorBackSpace,Editor,2.ipynb,10,13
2022-10-11T19:56:46.619+02:00,IdeState,Active,Editor,2.ipynb,10,17
2022-10-11T19:56:46.795+02:00,Action,EditorBackSpace,Editor,2.ipynb,10,17
2022-10-11T19:56:46.964+02:00,Action,EditorBackSpace,Editor,2.ipynb,10,16
2022-10-11T19:56:47.621+02:00,IdeState,Active,Editor,2.ipynb,10,17
2022-10-11T19:56:47.797+02:00,Action,EditorLineStartWithSelection,Editor,2.ipynb,10,17
2022-10-11T19:56:48.621+02:00,IdeState,Active,Editor,2.ipynb,10,6
2022-10-11T19:56:48.648+02:00,Action,EditorBackSpace,Editor,2.ipynb,10,6
2022-10-11T19:56:49.623+02:00,IdeState,Active,Editor,2.ipynb,10,11
2022-10-11T19:56:50.628+02:00,IdeState,Active,Editor,2.ipynb,10,11
2022-10-11T19:56:51.633+02:00,IdeState,Active,Editor,2.ipynb,10,13
2022-10-11T19:56:51.916+02:00,Action,EditorBackSpace,Editor,2.ipynb,10,13
2022-10-11T19:56:52.049+02:00,Action,EditorBackSpace,Editor,2.ipynb,10,12
2022-10-11T19:56:52.635+02:00,IdeState,Active,Editor,2.ipynb,10,13
2022-10-11T19:56:53.596+02:00,Action,EditorBackSpace,Editor,2.ipynb,10,16
2022-10-11T19:56:53.638+02:00,IdeState,Active,Editor,2.ipynb,10,15
2022-10-11T19:56:53.731+02:00,Action,EditorBackSpace,Editor,2.ipynb,10,15
2022-10-11T19:56:53.851+02:00,Action,EditorBackSpace,Editor,2.ipynb,10,14
2022-10-11T19:56:53.969+02:00,Action,EditorBackSpace,Editor,2.ipynb,10,13
2022-10-11T19:56:54.084+02:00,Action,EditorBackSpace,Editor,2.ipynb,10,12
2022-10-11T19:56:54.643+02:00,IdeState,Active,Editor,2.ipynb,10,13
2022-10-11T19:56:55.648+02:00,IdeState,Active,Editor,2.ipynb,10,16
2022-10-11T19:56:56.649+02:00,IdeState,Active,Editor,2.ipynb,10,17
2022-10-11T19:56:57.652+02:00,IdeState,Active,Editor,2.ipynb,10,22
2022-10-11T19:56:57.898+02:00,Action,EditorLeft,Editor,2.ipynb,10,22
2022-10-11T19:56:58.398+02:00,Action,EditorLeft,Editor,2.ipynb,10,21
2022-10-11T19:56:58.484+02:00,Action,EditorLeft,Editor,2.ipynb,10,20
2022-10-11T19:56:58.568+02:00,Action,EditorLeft,Editor,2.ipynb,10,19
2022-10-11T19:56:58.650+02:00,Action,EditorLeft,Editor,2.ipynb,10,18
2022-10-11T19:56:58.664+02:00,IdeState,Active,Editor,2.ipynb,10,17
2022-10-11T19:56:58.734+02:00,Action,EditorLeft,Editor,2.ipynb,10,17
2022-10-11T19:56:58.817+02:00,Action,EditorLeft,Editor,2.ipynb,10,16
2022-10-11T19:56:59.066+02:00,Action,EditorLeft,Editor,2.ipynb,10,15
2022-10-11T19:56:59.214+02:00,Action,EditorLeft,Editor,2.ipynb,10,14
2022-10-11T19:56:59.385+02:00,Action,EditorLeft,Editor,2.ipynb,10,13
2022-10-11T19:56:59.515+02:00,Action,EditorLeft,Editor,2.ipynb,10,12
2022-10-11T19:56:59.667+02:00,IdeState,Active,Editor,2.ipynb,10,11
2022-10-11T19:57:00.669+02:00,IdeState,Active,Editor,2.ipynb,10,11
2022-10-11T19:57:01.680+02:00,IdeState,Active,Editor,2.ipynb,10,11
2022-10-11T19:57:02.681+02:00,IdeState,Active,Editor,2.ipynb,10,11
2022-10-11T19:57:03.185+02:00,Action,EditorLineEnd,Editor,2.ipynb,10,11
2022-10-11T19:57:03.682+02:00,IdeState,Active,Editor,2.ipynb,10,26
2022-10-11T19:57:04.685+02:00,IdeState,Active,Editor,2.ipynb,10,29
2022-10-11T19:57:05.019+02:00,Action,EditorBackSpace,Editor,2.ipynb,10,30
2022-10-11T19:57:05.170+02:00,Action,EditorBackSpace,Editor,2.ipynb,10,29
2022-10-11T19:57:05.298+02:00,Action,EditorBackSpace,Editor,2.ipynb,10,28
2022-10-11T19:57:05.533+02:00,Action,EditorBackSpace,Editor,2.ipynb,10,27
2022-10-11T19:57:05.689+02:00,IdeState,Active,Editor,2.ipynb,10,27
2022-10-11T19:57:06.689+02:00,IdeState,Active,Editor,2.ipynb,10,32
2022-10-11T19:57:07.694+02:00,IdeState,Active,Editor,2.ipynb,10,32
2022-10-11T19:57:08.538+02:00,Action,EditorBackSpace,Editor,2.ipynb,10,35
2022-10-11T19:57:08.651+02:00,Action,EditorBackSpace,Editor,2.ipynb,10,34
2022-10-11T19:57:08.697+02:00,IdeState,Active,Editor,2.ipynb,10,33
2022-10-11T19:57:09.701+02:00,IdeState,Active,Editor,2.ipynb,10,38
2022-10-11T19:57:10.237+02:00,Action,EditorLineEnd,Editor,2.ipynb,10,40
2022-10-11T19:57:10.705+02:00,IdeState,Active,Editor,2.ipynb,10,41
2022-10-11T19:57:11.709+02:00,IdeState,Active,Editor,2.ipynb,10,41
2022-10-11T19:57:12.713+02:00,IdeState,Active,Editor,2.ipynb,10,41
2022-10-11T19:57:13.718+02:00,IdeState,Active,Editor,2.ipynb,10,11
2022-10-11T19:57:14.723+02:00,IdeState,Active,Editor,2.ipynb,10,11
2022-10-11T19:57:15.628+02:00,Action,EditorLineEnd,Editor,2.ipynb,10,15
2022-10-11T19:57:15.725+02:00,IdeState,Active,Editor,2.ipynb,10,45
2022-10-11T19:57:16.726+02:00,IdeState,Active,Editor,2.ipynb,10,50
2022-10-11T19:57:17.731+02:00,IdeState,Active,Editor,2.ipynb,10,51
2022-10-11T19:57:18.331+02:00,Action,EditorEnter,Editor,2.ipynb,10,51
2022-10-11T19:57:18.734+02:00,IdeState,Active,Editor,2.ipynb,11,7
2022-10-11T19:57:19.735+02:00,IdeState,Active,Editor,2.ipynb,11,17
2022-10-11T19:57:20.739+02:00,IdeState,Active,Editor,2.ipynb,11,21
2022-10-11T19:57:21.743+02:00,IdeState,Active,Editor,2.ipynb,11,21
2022-10-11T19:57:22.745+02:00,IdeState,Active,Editor,2.ipynb,11,21
2022-10-11T19:57:22.935+02:00,Action,org.jetbrains.research.ml.tasktracker.services.NextButtonAction,Editor,2.ipynb,11,21
2022-10-11T19:57:23.750+02:00,IdeState,Active,Editor,6.ipynb,1,0
2022-10-11T19:57:24.754+02:00,IdeState,Active,Editor,6.ipynb,1,0
2022-10-11T19:57:25.760+02:00,IdeState,Active,Editor,6.ipynb,1,0
2022-10-11T19:57:26.763+02:00,IdeState,Active,Editor,6.ipynb,1,0
2022-10-11T19:57:27.768+02:00,IdeState,Active,Editor,6.ipynb,1,0
2022-10-11T19:57:28.773+02:00,IdeState,Active,Editor,6.ipynb,1,0
2022-10-11T19:57:29.778+02:00,IdeState,Active,Editor,6.ipynb,1,0
2022-10-11T19:57:30.785+02:00,IdeState,Active,Editor,6.ipynb,1,0
2022-10-11T19:57:31.786+02:00,IdeState,Active,Editor,6.ipynb,1,0
2022-10-11T19:57:32.790+02:00,IdeState,Active,Editor,6.ipynb,1,0
2022-10-11T19:57:33.794+02:00,IdeState,Active,Editor,6.ipynb,1,0
2022-10-11T19:57:34.800+02:00,IdeState,Active,Editor,6.ipynb,1,0
2022-10-11T19:57:35.800+02:00,IdeState,Active,Editor,6.ipynb,1,0
2022-10-11T19:57:36.805+02:00,IdeState,Active,Editor,6.ipynb,1,0
2022-10-11T19:57:37.810+02:00,IdeState,Active,Editor,6.ipynb,13,15
2022-10-11T19:57:37.856+02:00,Action,EditorLeft,Editor,6.ipynb,13,15
2022-10-11T19:57:38.814+02:00,IdeState,Active,Editor,6.ipynb,13,14
2022-10-11T19:57:39.819+02:00,IdeState,Active,Editor,6.ipynb,13,14
2022-10-11T19:57:40.821+02:00,IdeState,Active,Editor,6.ipynb,13,14
2022-10-11T19:57:41.826+02:00,IdeState,Active,Editor,6.ipynb,13,14
2022-10-11T19:57:42.538+02:00,Action,EditorBackSpace,Editor,6.ipynb,13,14
2022-10-11T19:57:42.830+02:00,IdeState,Active,Editor,6.ipynb,13,14
2022-10-11T19:57:43.835+02:00,IdeState,Active,Editor,6.ipynb,13,14
2022-10-11T19:57:44.840+02:00,IdeState,Active,Editor,6.ipynb,13,14
2022-10-11T19:57:45.845+02:00,IdeState,Active,Editor,6.ipynb,16,13
2022-10-11T19:57:46.008+02:00,Action,EditorLineEnd,Editor,6.ipynb,16,13
2022-10-11T19:57:46.261+02:00,Action,EditorUp,Editor,6.ipynb,16,23
2022-10-11T19:57:46.540+02:00,Action,EditorTab,Editor,6.ipynb,15,0
2022-10-11T19:57:46.855+02:00,IdeState,Active,Editor,6.ipynb,15,5
2022-10-11T19:57:47.841+02:00,Action,EditorBackSpace,Editor,6.ipynb,15,9
2022-10-11T19:57:47.857+02:00,IdeState,Active,Editor,6.ipynb,15,8
2022-10-11T19:57:48.408+02:00,Action,EditorLineStartWithSelection,Editor,6.ipynb,15,10
2022-10-11T19:57:48.608+02:00,Action,EditorBackSpace,Editor,6.ipynb,15,4
2022-10-11T19:57:48.840+02:00,Action,EditorBackSpace,Editor,6.ipynb,15,4
2022-10-11T19:57:48.860+02:00,IdeState,Active,Editor,6.ipynb,15,0
2022-10-11T19:57:49.865+02:00,IdeState,Active,Editor,6.ipynb,15,0
2022-10-11T19:57:50.873+02:00,IdeState,Active,Editor,6.ipynb,15,0
2022-10-11T19:57:51.456+02:00,Action,EditorBackSpace,Editor,6.ipynb,19,17
2022-10-11T19:57:51.877+02:00,IdeState,Active,Editor,6.ipynb,19,16
2022-10-11T19:57:52.888+02:00,IdeState,Active,Editor,6.ipynb,19,16
2022-10-11T19:57:53.890+02:00,IdeState,Active,Editor,6.ipynb,19,16
2022-10-11T19:57:54.890+02:00,IdeState,Active,Editor,6.ipynb,19,16
2022-10-11T19:57:55.893+02:00,IdeState,Active,Editor,6.ipynb,19,16
2022-10-11T19:57:56.897+02:00,IdeState,Active,Editor,6.ipynb,19,16
2022-10-11T19:57:57.901+02:00,IdeState,Active,Editor,6.ipynb,19,16
2022-10-11T19:57:58.905+02:00,IdeState,Active,Editor,6.ipynb,40,19
2022-10-11T19:57:58.931+02:00,Action,EditorBackSpace,Editor,6.ipynb,40,19
2022-10-11T19:57:59.057+02:00,Action,EditorBackSpace,Editor,6.ipynb,40,18
2022-10-11T19:57:59.909+02:00,IdeState,Active,Editor,6.ipynb,40,18
2022-10-11T19:58:00.910+02:00,IdeState,Active,Editor,6.ipynb,37,8
2022-10-11T19:58:00.977+02:00,Action,EditorBackSpace,Editor,6.ipynb,37,8
2022-10-11T19:58:01.477+02:00,Action,EditorDown,Editor,6.ipynb,37,4
2022-10-11T19:58:01.914+02:00,IdeState,Active,Editor,6.ipynb,38,4
2022-10-11T19:58:02.915+02:00,IdeState,Active,Editor,6.ipynb,38,4
2022-10-11T19:58:03.920+02:00,IdeState,Active,Editor,6.ipynb,38,4
2022-10-11T19:58:04.924+02:00,IdeState,Active,Editor,6.ipynb,38,4
2022-10-11T19:58:05.928+02:00,IdeState,Active,Editor,6.ipynb,30,75
2022-10-11T19:58:06.932+02:00,IdeState,Active,Editor,6.ipynb,33,41
2022-10-11T19:58:07.944+02:00,IdeState,Active,Editor,6.ipynb,34,46
2022-10-11T19:58:08.948+02:00,IdeState,Active,Editor,6.ipynb,30,56
2022-10-11T19:58:09.951+02:00,IdeState,Active,Editor,6.ipynb,31,37
2022-10-11T19:58:10.952+02:00,IdeState,Active,Editor,6.ipynb,30,39
2022-10-11T19:58:11.955+02:00,IdeState,Active,Editor,6.ipynb,30,39
2022-10-11T19:58:12.957+02:00,IdeState,Active,Editor,6.ipynb,31,28
2022-10-11T19:58:13.511+02:00,Action,EditorLeft,Editor,6.ipynb,31,9
2022-10-11T19:58:13.962+02:00,IdeState,Active,Editor,6.ipynb,31,8
2022-10-11T19:58:14.813+02:00,Action,EditorBackSpace,Editor,6.ipynb,31,9
2022-10-11T19:58:14.962+02:00,IdeState,Active,Editor,6.ipynb,31,8
2022-10-11T19:58:15.966+02:00,IdeState,Active,Editor,6.ipynb,31,9
2022-10-11T19:58:16.969+02:00,IdeState,Active,Editor,6.ipynb,31,9
2022-10-11T19:58:17.971+02:00,IdeState,Active,Editor,6.ipynb,31,9
2022-10-11T19:58:18.971+02:00,IdeState,Active,Editor,6.ipynb,31,9
2022-10-11T19:58:19.972+02:00,IdeState,Active,Editor,6.ipynb,31,9
2022-10-11T19:58:20.976+02:00,IdeState,Active,Editor,6.ipynb,31,9
2022-10-11T19:58:21.977+02:00,IdeState,Active,Editor,6.ipynb,31,9
2022-10-11T19:58:22.981+02:00,IdeState,Active,Editor,6.ipynb,31,9
2022-10-11T19:58:23.984+02:00,IdeState,Active,Editor,6.ipynb,31,9
2022-10-11T19:58:24.987+02:00,IdeState,Active,Editor,6.ipynb,42,85
2022-10-11T19:58:25.382+02:00,Action,EditorBackSpace,Editor,6.ipynb,42,85
2022-10-11T19:58:25.991+02:00,IdeState,Active,Editor,6.ipynb,42,84
2022-10-11T19:58:26.994+02:00,IdeState,Active,Editor,6.ipynb,42,84
2022-10-11T19:58:27.999+02:00,IdeState,Active,Editor,6.ipynb,45,21
2022-10-11T19:58:29.001+02:00,IdeState,Active,Editor,6.ipynb,45,21
2022-10-11T19:58:30.005+02:00,IdeState,Active,Editor,6.ipynb,45,21
2022-10-11T19:58:31.010+02:00,IdeState,Active,Editor,6.ipynb,61,12
2022-10-11T19:58:31.111+02:00,Action,EditorLeft,Editor,6.ipynb,61,12
2022-10-11T19:58:32.020+02:00,IdeState,Active,Editor,6.ipynb,61,12
2022-10-11T19:58:33.022+02:00,IdeState,Active,Editor,6.ipynb,61,12
2022-10-11T19:58:34.024+02:00,IdeState,Active,Editor,6.ipynb,61,12
2022-10-11T19:58:35.028+02:00,IdeState,Active,Editor,6.ipynb,61,12
2022-10-11T19:58:36.032+02:00,IdeState,Active,Editor,6.ipynb,61,12
2022-10-11T19:58:37.037+02:00,IdeState,Active,Editor,6.ipynb,61,12
2022-10-11T19:58:38.038+02:00,IdeState,Active,Editor,6.ipynb,55,32
2022-10-11T19:58:38.468+02:00,Action,EditorBackSpace,Editor,6.ipynb,55,32
2022-10-11T19:58:39.043+02:00,IdeState,Active,Editor,6.ipynb,55,31
2022-10-11T19:58:40.047+02:00,IdeState,Active,Editor,6.ipynb,55,31
2022-10-11T19:58:41.050+02:00,IdeState,Active,Editor,6.ipynb,55,31
2022-10-11T19:58:42.054+02:00,IdeState,Active,Editor,6.ipynb,55,31
2022-10-11T19:58:43.058+02:00,IdeState,Active,Editor,6.ipynb,55,31
2022-10-11T19:58:44.060+02:00,IdeState,Active,Editor,6.ipynb,55,31
2022-10-11T19:58:45.065+02:00,IdeState,Active,Editor,6.ipynb,55,31
2022-10-11T19:58:46.065+02:00,IdeState,Active,Editor,6.ipynb,55,31
2022-10-11T19:58:47.067+02:00,IdeState,Active,Editor,6.ipynb,55,31
2022-10-11T19:58:48.071+02:00,IdeState,Active,Editor,6.ipynb,55,31
2022-10-11T19:58:49.076+02:00,IdeState,Active,Editor,6.ipynb,70,39
2022-10-11T19:58:49.900+02:00,Action,EditorRight,Editor,6.ipynb,70,39
2022-10-11T19:58:50.078+02:00,IdeState,Active,Editor,6.ipynb,70,39
2022-10-11T19:58:50.602+02:00,Action,EditorLeft,Editor,6.ipynb,70,39
2022-10-11T19:58:50.886+02:00,Action,EditorBackSpace,Editor,6.ipynb,70,38
2022-10-11T19:58:51.083+02:00,IdeState,Active,Editor,6.ipynb,70,37
2022-10-11T19:58:52.085+02:00,IdeState,Active,Editor,6.ipynb,70,37
2022-10-11T19:58:53.090+02:00,IdeState,Active,Editor,6.ipynb,70,37
2022-10-11T19:58:54.095+02:00,IdeState,Active,Editor,6.ipynb,70,37
2022-10-11T19:58:55.102+02:00,IdeState,Active,Editor,6.ipynb,70,37
2022-10-11T19:58:56.102+02:00,IdeState,Active,Editor,6.ipynb,70,37
2022-10-11T19:58:57.105+02:00,IdeState,Active,Editor,6.ipynb,70,37
2022-10-11T19:58:58.107+02:00,IdeState,Active,Editor,6.ipynb,70,37
2022-10-11T19:58:59.111+02:00,IdeState,Active,Editor,6.ipynb,70,37
2022-10-11T19:59:00.115+02:00,IdeState,Active,Editor,6.ipynb,70,37
2022-10-11T19:59:01.116+02:00,IdeState,Active,Editor,6.ipynb,83,11
2022-10-11T19:59:01.455+02:00,Action,EditorRight,Editor,6.ipynb,83,11
2022-10-11T19:59:01.704+02:00,Action,EditorBackSpace,Editor,6.ipynb,83,12
2022-10-11T19:59:02.125+02:00,IdeState,Active,Editor,6.ipynb,83,8
2022-10-11T19:59:03.128+02:00,IdeState,Active,Editor,6.ipynb,83,8
2022-10-11T19:59:04.136+02:00,IdeState,Active,Editor,6.ipynb,83,8
2022-10-11T19:59:05.138+02:00,IdeState,Active,Editor,6.ipynb,83,8
2022-10-11T19:59:06.142+02:00,IdeState,Active,Editor,6.ipynb,83,8
2022-10-11T19:59:06.804+02:00,Action,EditorBackSpace,Editor,6.ipynb,90,18
2022-10-11T19:59:07.155+02:00,IdeState,Active,Editor,6.ipynb,90,17
2022-10-11T19:59:08.156+02:00,IdeState,Active,Editor,6.ipynb,90,18
2022-10-11T19:59:09.170+02:00,IdeState,Active,Editor,6.ipynb,90,18
2022-10-11T19:59:10.172+02:00,IdeState,Active,Editor,6.ipynb,90,18
2022-10-11T19:59:11.175+02:00,IdeState,Active,Editor,6.ipynb,90,18
2022-10-11T19:59:12.176+02:00,IdeState,Active,Editor,6.ipynb,90,18
2022-10-11T19:59:13.189+02:00,IdeState,Active,Editor,6.ipynb,90,18
2022-10-11T19:59:14.190+02:00,IdeState,Active,Editor,6.ipynb,90,18
2022-10-11T19:59:15.194+02:00,IdeState,Active,Editor,6.ipynb,90,18
2022-10-11T19:59:16.196+02:00,IdeState,Active,Editor,6.ipynb,90,18
2022-10-11T19:59:17.199+02:00,IdeState,Active,Editor,6.ipynb,90,18
2022-10-11T19:59:18.202+02:00,IdeState,Active,Editor,6.ipynb,90,18
2022-10-11T19:59:19.205+02:00,IdeState,Active,Editor,6.ipynb,90,18
2022-10-11T19:59:20.208+02:00,IdeState,Active,Editor,6.ipynb,90,18
2022-10-11T19:59:21.212+02:00,IdeState,Active,Editor,6.ipynb,90,18
2022-10-11T19:59:22.215+02:00,IdeState,Active,Editor,6.ipynb,90,18
2022-10-11T19:59:23.220+02:00,IdeState,Active,Editor,6.ipynb,90,18
2022-10-11T19:59:24.224+02:00,IdeState,Active,Editor,6.ipynb,90,18
2022-10-11T19:59:25.229+02:00,IdeState,Active,Editor,6.ipynb,90,18
2022-10-11T19:59:26.230+02:00,IdeState,Active,Editor,6.ipynb,90,18
2022-10-11T19:59:27.232+02:00,IdeState,Active,Editor,6.ipynb,90,18
2022-10-11T19:59:28.236+02:00,IdeState,Active,Editor,6.ipynb,90,18
2022-10-11T19:59:29.242+02:00,IdeState,Active,Editor,6.ipynb,90,18
2022-10-11T19:59:30.246+02:00,IdeState,Active,Editor,6.ipynb,90,18
2022-10-11T19:59:31.246+02:00,IdeState,Active,Editor,6.ipynb,90,18
2022-10-11T19:59:32.250+02:00,IdeState,Active,Editor,6.ipynb,90,18
2022-10-11T19:59:33.256+02:00,IdeState,Active,Editor,6.ipynb,90,18
2022-10-11T19:59:34.258+02:00,IdeState,Active,Editor,6.ipynb,113,11
2022-10-11T19:59:35.262+02:00,IdeState,Active,Editor,6.ipynb,113,12
2022-10-11T19:59:36.267+02:00,IdeState,Active,Editor,6.ipynb,113,12
2022-10-11T19:59:37.272+02:00,IdeState,Active,Editor,6.ipynb,113,12
2022-10-11T19:59:38.276+02:00,IdeState,Active,Editor,6.ipynb,113,12
2022-10-11T19:59:39.281+02:00,IdeState,Active,Editor,6.ipynb,113,12
2022-10-11T19:59:40.293+02:00,IdeState,Active,Editor,6.ipynb,113,12
2022-10-11T19:59:41.298+02:00,IdeState,Active,Popup,6.ipynb,113,12
2022-10-11T19:59:42.310+02:00,IdeState,Active,Editor,6.ipynb,102,12
2022-10-11T19:59:43.314+02:00,IdeState,Active,Editor,6.ipynb,102,12
2022-10-11T19:59:44.318+02:00,IdeState,Active,Editor,6.ipynb,113,8
2022-10-11T19:59:45.324+02:00,IdeState,Active,Editor,6.ipynb,113,8
2022-10-11T19:59:46.327+02:00,IdeState,Active,Editor,6.ipynb,113,8
2022-10-11T19:59:47.329+02:00,IdeState,Active,Editor,6.ipynb,113,8
2022-10-11T19:59:48.334+02:00,IdeState,Active,Editor,6.ipynb,113,8
2022-10-11T19:59:49.338+02:00,IdeState,Active,Editor,6.ipynb,113,8
2022-10-11T19:59:50.339+02:00,IdeState,Active,Editor,6.ipynb,113,8
2022-10-11T19:59:51.342+02:00,IdeState,Active,Editor,6.ipynb,113,8
2022-10-11T19:59:52.346+02:00,IdeState,Active,Editor,6.ipynb,113,8
2022-10-11T19:59:53.351+02:00,IdeState,Active,Editor,6.ipynb,113,8
2022-10-11T19:59:54.356+02:00,IdeState,Active,Editor,6.ipynb,113,8
2022-10-11T19:59:55.359+02:00,IdeState,Active,Editor,6.ipynb,125,11
2022-10-11T19:59:56.067+02:00,Action,EditorRight,Editor,6.ipynb,125,11
2022-10-11T19:59:56.363+02:00,IdeState,Active,Editor,6.ipynb,125,12
2022-10-11T19:59:56.465+02:00,Action,EditorTab,Editor,6.ipynb,125,12
2022-10-11T19:59:57.368+02:00,IdeState,Active,Editor,6.ipynb,125,16
2022-10-11T19:59:58.265+02:00,Action,EditorTab,Editor,6.ipynb,122,16
2022-10-11T19:59:58.373+02:00,IdeState,Active,Editor,6.ipynb,122,20
2022-10-11T19:59:59.376+02:00,IdeState,Active,Editor,6.ipynb,122,20
2022-10-11T19:59:59.417+02:00,Action,EditorUp,Editor,6.ipynb,122,20
2022-10-11T19:59:59.703+02:00,Action,EditorLineStart,Editor,6.ipynb,121,20
2022-10-11T20:00:00.381+02:00,IdeState,Active,Editor,6.ipynb,121,16
2022-10-11T20:00:00.851+02:00,Action,EditorBackSpace,Editor,6.ipynb,121,16
2022-10-11T20:00:01.382+02:00,IdeState,Active,Editor,6.ipynb,121,12
2022-10-11T20:00:01.785+02:00,Action,EditorDown,Editor,6.ipynb,121,12
2022-10-11T20:00:02.132+02:00,Action,EditorLineEnd,Editor,6.ipynb,122,12
2022-10-11T20:00:02.386+02:00,IdeState,Active,Editor,6.ipynb,122,99
2022-10-11T20:00:02.402+02:00,Action,EditorLineStart,Editor,6.ipynb,122,99
2022-10-11T20:00:02.649+02:00,Action,EditorBackSpace,Editor,6.ipynb,122,20
2022-10-11T20:00:03.233+02:00,Action,EditorDown,Editor,6.ipynb,122,16
2022-10-11T20:00:03.390+02:00,IdeState,Active,Editor,6.ipynb,123,16
2022-10-11T20:00:03.726+02:00,Action,EditorDown,Editor,6.ipynb,123,16
2022-10-11T20:00:04.274+02:00,Action,EditorDown,Editor,6.ipynb,124,16
2022-10-11T20:00:04.394+02:00,IdeState,Active,Editor,6.ipynb,125,16
2022-10-11T20:00:04.617+02:00,Action,EditorBackSpace,Editor,6.ipynb,125,16
2022-10-11T20:00:05.396+02:00,IdeState,Active,Editor,6.ipynb,125,12
2022-10-11T20:00:06.401+02:00,IdeState,Active,Editor,6.ipynb,125,12
2022-10-11T20:00:06.865+02:00,Action,EditorDown,Editor,6.ipynb,125,12
2022-10-11T20:00:07.403+02:00,IdeState,Active,Editor,6.ipynb,126,12
2022-10-11T20:00:07.529+02:00,Action,EditorLineEnd,Editor,6.ipynb,126,12
2022-10-11T20:00:07.826+02:00,Action,EditorLineStart,Editor,6.ipynb,126,103
2022-10-11T20:00:08.407+02:00,IdeState,Active,Editor,6.ipynb,126,16
2022-10-11T20:00:09.411+02:00,IdeState,Active,Editor,6.ipynb,126,16
2022-10-11T20:00:10.416+02:00,IdeState,Active,Editor,6.ipynb,126,16
2022-10-11T20:00:11.421+02:00,IdeState,Active,Editor,6.ipynb,126,16
2022-10-11T20:00:12.423+02:00,IdeState,Active,Editor,6.ipynb,126,16
2022-10-11T20:00:12.610+02:00,Action,EditorDown,Editor,6.ipynb,126,16
2022-10-11T20:00:13.143+02:00,Action,EditorDown,Editor,6.ipynb,127,16
2022-10-11T20:00:13.401+02:00,Action,EditorDown,Editor,6.ipynb,128,16
2022-10-11T20:00:13.428+02:00,IdeState,Active,Editor,6.ipynb,129,16
2022-10-11T20:00:13.817+02:00,Action,EditorDown,Editor,6.ipynb,129,16
2022-10-11T20:00:14.431+02:00,IdeState,Active,Editor,6.ipynb,130,16
2022-10-11T20:00:15.434+02:00,IdeState,Active,Editor,6.ipynb,130,16
2022-10-11T20:00:16.439+02:00,IdeState,Active,Editor,6.ipynb,133,12
2022-10-11T20:00:17.442+02:00,IdeState,Active,Editor,6.ipynb,133,12
2022-10-11T20:00:18.446+02:00,IdeState,Active,Editor,6.ipynb,133,12
2022-10-11T20:00:19.371+02:00,Action,EditorUp,Editor,6.ipynb,134,25
2022-10-11T20:00:19.446+02:00,IdeState,Active,Editor,6.ipynb,133,25
2022-10-11T20:00:20.449+02:00,IdeState,Active,Editor,6.ipynb,133,26
2022-10-11T20:00:21.453+02:00,IdeState,Active,Editor,6.ipynb,133,26
2022-10-11T20:00:22.458+02:00,IdeState,Active,Editor,6.ipynb,133,26
2022-10-11T20:00:23.463+02:00,IdeState,Active,Editor,6.ipynb,133,26
2022-10-11T20:00:24.464+02:00,IdeState,Active,Editor,6.ipynb,133,26
2022-10-11T20:00:25.468+02:00,IdeState,Active,Editor,6.ipynb,133,26
2022-10-11T20:00:26.472+02:00,IdeState,Active,Editor,6.ipynb,133,26
2022-10-11T20:00:27.484+02:00,IdeState,Active,Editor,6.ipynb,133,26
2022-10-11T20:00:28.009+02:00,Action,EditorTab,Editor,6.ipynb,138,12
2022-10-11T20:00:28.485+02:00,IdeState,Active,Editor,6.ipynb,138,16
2022-10-11T20:00:28.521+02:00,Action,EditorDown,Editor,6.ipynb,138,16
2022-10-11T20:00:28.857+02:00,Action,EditorLineStart,Editor,6.ipynb,139,16
2022-10-11T20:00:29.008+02:00,Action,EditorTab,Editor,6.ipynb,139,12
2022-10-11T20:00:29.485+02:00,IdeState,Active,Editor,6.ipynb,139,16
2022-10-11T20:00:30.490+02:00,IdeState,Active,Editor,6.ipynb,139,16
2022-10-11T20:00:31.493+02:00,IdeState,Active,Editor,6.ipynb,145,12
2022-10-11T20:00:31.554+02:00,Action,EditorTab,Editor,6.ipynb,145,12
2022-10-11T20:00:32.496+02:00,IdeState,Active,Editor,6.ipynb,145,16
2022-10-11T20:00:33.499+02:00,IdeState,Active,Editor,6.ipynb,145,16
2022-10-11T20:00:34.504+02:00,IdeState,Active,Editor,6.ipynb,146,7
2022-10-11T20:00:34.537+02:00,Action,EditorTab,Editor,6.ipynb,146,7
2022-10-11T20:00:34.971+02:00,Action,EditorTab,Editor,6.ipynb,146,8
2022-10-11T20:00:35.505+02:00,IdeState,Active,Editor,6.ipynb,146,12
2022-10-11T20:00:36.509+02:00,IdeState,Active,Editor,6.ipynb,146,13
2022-10-11T20:00:36.552+02:00,Action,EditorBackSpace,Editor,6.ipynb,146,13
2022-10-11T20:00:37.513+02:00,IdeState,Active,Editor,6.ipynb,146,12
2022-10-11T20:00:37.855+02:00,Action,EditorTab,Editor,6.ipynb,147,12
2022-10-11T20:00:38.517+02:00,IdeState,Active,Editor,6.ipynb,147,16
2022-10-11T20:00:39.324+02:00,Action,EditorTab,Editor,6.ipynb,148,8
2022-10-11T20:00:39.522+02:00,IdeState,Active,Editor,6.ipynb,148,12
2022-10-11T20:00:40.527+02:00,IdeState,Active,Editor,6.ipynb,148,12
2022-10-11T20:00:40.977+02:00,Action,EditorDown,Editor,6.ipynb,148,12
2022-10-11T20:00:41.422+02:00,Action,EditorLineStart,Editor,6.ipynb,149,12
2022-10-11T20:00:41.528+02:00,IdeState,Active,Editor,6.ipynb,149,8
2022-10-11T20:00:41.576+02:00,Action,EditorTab,Editor,6.ipynb,149,8
2022-10-11T20:00:42.533+02:00,IdeState,Active,Editor,6.ipynb,149,12
2022-10-11T20:00:43.540+02:00,IdeState,Active,Editor,6.ipynb,151,6
2022-10-11T20:00:44.543+02:00,IdeState,Active,Editor,6.ipynb,151,6
2022-10-11T20:00:45.547+02:00,IdeState,Active,Editor,6.ipynb,151,6
2022-10-11T20:00:46.551+02:00,IdeState,Active,Editor,6.ipynb,151,6
2022-10-11T20:00:47.557+02:00,IdeState,Active,Editor,6.ipynb,151,6
2022-10-11T20:00:48.557+02:00,IdeState,Active,Editor,6.ipynb,151,6
2022-10-11T20:00:49.561+02:00,IdeState,Active,Editor,6.ipynb,151,6
2022-10-11T20:00:50.566+02:00,IdeState,Active,Editor,6.ipynb,151,6
2022-10-11T20:00:51.571+02:00,IdeState,Active,Editor,6.ipynb,151,6
2022-10-11T20:00:52.574+02:00,IdeState,Active,Editor,6.ipynb,151,6
2022-10-11T20:00:53.580+02:00,IdeState,Active,Editor,6.ipynb,151,6
2022-10-11T20:00:54.375+02:00,Action,EditorBackSpace,Editor,6.ipynb,162,60
2022-10-11T20:00:54.583+02:00,IdeState,Active,Editor,6.ipynb,162,60
2022-10-11T20:00:55.587+02:00,IdeState,Active,Editor,6.ipynb,162,60
2022-10-11T20:00:56.591+02:00,IdeState,Active,Editor,6.ipynb,162,60
2022-10-11T20:00:57.596+02:00,IdeState,Active,Editor,6.ipynb,162,60
2022-10-11T20:00:58.600+02:00,IdeState,Active,Editor,6.ipynb,162,60
2022-10-11T20:00:59.604+02:00,IdeState,Active,Editor,6.ipynb,162,60
2022-10-11T20:01:00.609+02:00,IdeState,Active,Editor,6.ipynb,162,60
2022-10-11T20:01:01.613+02:00,IdeState,Active,Editor,6.ipynb,162,60
2022-10-11T20:01:02.617+02:00,IdeState,Active,Editor,6.ipynb,162,60
2022-10-11T20:01:03.621+02:00,IdeState,Active,Editor,6.ipynb,162,60
2022-10-11T20:01:04.626+02:00,IdeState,Active,Editor,6.ipynb,162,60
2022-10-11T20:01:05.630+02:00,IdeState,Active,Editor,6.ipynb,162,60
2022-10-11T20:01:06.634+02:00,IdeState,Active,Editor,6.ipynb,162,60
2022-10-11T20:01:07.643+02:00,IdeState,Active,Editor,6.ipynb,162,60
2022-10-11T20:01:08.647+02:00,IdeState,Active,Editor,6.ipynb,162,60
2022-10-11T20:01:09.648+02:00,IdeState,Active,Editor,6.ipynb,162,60
2022-10-11T20:01:10.195+02:00,Action,EditorBackSpace,Editor,6.ipynb,175,20
2022-10-11T20:01:10.651+02:00,IdeState,Active,Editor,6.ipynb,175,16
2022-10-11T20:01:11.654+02:00,IdeState,Active,Editor,6.ipynb,175,16
2022-10-11T20:01:12.654+02:00,IdeState,Active,Editor,6.ipynb,175,16
2022-10-11T20:01:13.658+02:00,IdeState,Active,Editor,6.ipynb,175,16
2022-10-11T20:01:14.660+02:00,IdeState,Active,Editor,6.ipynb,175,16
2022-10-11T20:01:15.664+02:00,IdeState,Active,Editor,6.ipynb,175,16
2022-10-11T20:01:16.668+02:00,IdeState,Active,Editor,6.ipynb,175,16
2022-10-11T20:01:17.425+02:00,Action,EditorBackSpace,Editor,6.ipynb,190,12
2022-10-11T20:01:17.669+02:00,IdeState,Active,Editor,6.ipynb,190,11
2022-10-11T20:01:18.674+02:00,IdeState,Active,Editor,6.ipynb,190,11
2022-10-11T20:01:19.679+02:00,IdeState,Active,Editor,6.ipynb,190,11
2022-10-11T20:01:20.680+02:00,IdeState,Active,Editor,6.ipynb,190,11
2022-10-11T20:01:21.684+02:00,IdeState,Active,Editor,6.ipynb,194,13
2022-10-11T20:01:22.687+02:00,IdeState,Active,Editor,6.ipynb,194,13
2022-10-11T20:01:23.691+02:00,IdeState,Active,Editor,6.ipynb,194,13
2022-10-11T20:01:24.693+02:00,IdeState,Active,Editor,6.ipynb,199,10
2022-10-11T20:01:25.698+02:00,IdeState,Active,Editor,6.ipynb,199,10
2022-10-11T20:01:26.701+02:00,IdeState,Active,Editor,6.ipynb,199,10
2022-10-11T20:01:27.704+02:00,IdeState,Active,Editor,6.ipynb,199,10
2022-10-11T20:01:28.709+02:00,IdeState,Active,Editor,6.ipynb,199,10
2022-10-11T20:01:29.275+02:00,Action,org.jetbrains.research.ml.tasktracker.services.NextButtonAction,Editor,6.ipynb,199,10
2022-10-11T20:01:29.306+02:00,Action,ToggleZenMode,Editor,6.ipynb,199,10
2022-10-11T20:01:30.284+02:00,IdeState,Active,Editor,6.ipynb,199,10
